#PDB,DDG,Mut_AA,Position,RMSD,WT_AA
3L5X,-2.936861334171135,A,94,0.5309271931648254,Y
