#PDB,DDG,Mut_AA,Position,RMSD,WT_AA
3BN9,4.150683541070248,V,352,0.272146075963974,Q
3BN9,2.843906237255669,G,277,0.3695790559053421,S
3BN9,2.2265174191961252,N,277,0.37437822222709655,S
3BN9,0.48639895068317857,R,275,0.2400132566690445,T
3BN9,1.3724474422842377,Q,349,0.188016140460968,T
3BN9,-1.2213223357204241,R,349,0.22136062979698182,T
3BN9,4.990168736006899,S,350,0.31224054396152495,Y
