#PDB,DDG,Mut_AA,Position,RMSD,WT_AA
3BN9,4.844315450456816,V,352,0.5122544318437576,Q
3BN9,2.101825986610038,G,277,0.2843214452266693,S
3BN9,2.5496765386262723,N,277,0.3370273858308792,S
3BN9,1.0014934962585358,R,275,0.23955875337123872,T
3BN9,-0.711870983488916,Q,349,0.23736757338047026,T
3BN9,-1.4875219610140902,R,349,0.2432042956352234,T
3BN9,4.716956268701461,S,350,0.2477007746696472,Y
