#PDB,DDG,Mut_AA,Position,RMSD,WT_AA
2NYY,0.039626816368217986,R,1298,0.03657873347401619,K
2NYY,-0.5592645977769279,Q,1302,0.013641447015106677,M
2NYY,1.746981358503217,D,1299,0.057629458606243134,Y
2NYY,0.5856123291006952,Q,1299,0.004255194868892431,Y
2NYY,0.6785090231984213,Q,1325,0.036120617389678956,Y
2NYY,2.872034467032063,Y,1516,0.036599218100309375,D
2NYY,2.3659610219725438,R,1520,0.07381411194801331,H
2NYY,-0.46512684046001596,Q,1514,0.020978320389986038,S
2NYY,2.9692449118448168,N,1517,0.017006634548306466,S
