#PDB,DDG,Mut_AA,Position,RMSD,WT_AA
3L5X,-1.0122855732502103,A,94,0.33787343353033067,Y
