#PDB,DDG,Mut_AA,Position,RMSD,WT_AA
4FQY,0.15250004964127584,N,59,0.010505769401788712,A
4FQY,0.5949759957979041,S,77,0.040414097532629964,N
4FQY,0.13319677306108132,A,58,0.05289307534694672,T
4FQY,-0.23950277697176717,F,29,0.07590843141078948,S
4FQY,-0.10362103840434429,T,76,0.06984092555940151,S
4FQY,-0.2548745158115707,T,71,0.01278012478724122,S
4FQY,-0.9853564963765166,Y,106,0.01790674738585949,S
4FQY,0.6527426153063971,S,30,0.05640394911170006,N
4FQY,6.261017475034078,S,31,0.03665572889149189,N
4FQY,0.7966813974677279,T,57,0.03335273079574108,S
4FQY,1.489163242099039,S,75,0.02588934880054694,F
4FQY,-0.09186227689442603,K,74,0.0809633880853653,I
