#PDB,DDG,Mut_AA,Position,RMSD,WT_AA
3BN9,2.4295299998879956,V,352,0.27305728793144224,Q
3BN9,2.4612875073108853,G,277,0.27406403571367266,S
3BN9,1.9844471311823555,N,277,0.3465652108192444,S
3BN9,0.9433428289150925,R,275,0.23608777970075606,T
3BN9,0.22848506259169882,Q,349,0.21981321424245834,T
3BN9,-1.1279214577702306,R,349,0.2313367873430252,T
