#PDB,DDG,Mut_AA,Position,RMSD,WT_AA
3GBN,-0.5557446150053906,E,581,0.6153884440660476,D
3GBN,-0.9690374880082444,A,565,0.5689012467861175,T
