#PDB,DDG,Mut_AA,Position,RMSD,WT_AA
1XGT,-0.8151308076235182,F,248,0.14235493689775466,L
1XGT,2.3122291477975523,I,248,0.14240420907735823,L
1XGT,3.5614582066977163,V,248,0.1926811307668686,L
1XGT,6.487731285900099,A,248,0.22787654995918274,L
