#PDB,Position,WT_AA,Mut_AA,DDG
1DQJ,[161],['D'],['A'],3.6419644282348145
1DQJ,[227],['W'],['A'],1.6062009109781457
1DQJ,[162],['Y'],['A'],3.570304922060359
1DQJ,[179],['Y'],['A'],2.727206911426341
1DQJ,[182],['Y'],['A'],4.0216201582291164
1DQJ,[370],['N'],['A'],-0.9926084438418457
1DQJ,[371],['N'],['A'],2.5059306194448254
1DQJ,[430],['S'],['A'],-0.3477627227468929
1DQJ,[389],['Y'],['A'],4.447171216065954
1DQJ,[435],['Y'],['A'],-0.7891300668702002
1MHP,"[249, 431]","['K', 'S']","['E', 'Q']",-0.8504591090563736
1MHP,"[249, 431, 455]","['K', 'S', 'N']","['E', 'Q', 'Y']",-0.34963903019888676
1MHP,"[245, 249]","['L', 'K']","['D', 'E']",-0.07019765582413129
1MHP,"[245, 249]","['L', 'K']","['D', 'Q']",0.02485422752897648
1MHP,"[220, 287]","['S', 'G']","['A', 'S']",-0.47760612915622386
1MHP,"[220, 287]","['S', 'G']","['V', 'S']",-3.3933606967964542
1MHP,"[218, 238]","['T', 'G']","['E', 'Q']",18.006491938668415
1MHP,"[218, 237, 238, 239]","['T', 'S', 'G', 'G']","['I', 'T', 'N', 'N']",7.735105150124165
1MHP,"[218, 237, 238, 239]","['T', 'S', 'G', 'G']","['I', 'T', 'Q', 'F']",13.691587065738096
1MHP,"[235, 287]","['T', 'G']","['V', 'S']",-2.3454293473216503
