#PDB,DDG,Mut_AA,Position,RMSD,WT_AA
3HFM,1.4166652408604476,A,246,0.11117103844881057,D
3HFM,0.9101170215481034,N,246,0.09631629437208175,D
3HFM,0.0,A,245,2.1163069618523876e-06,S
3HFM,5.668658861475388,A,247,0.11059906631708145,Y
3HFM,0.12209830721658363,A,31,0.08237950801849366,N
3HFM,2.53049777905876,D,31,0.008003914263099432,N
3HFM,2.726924450609431,E,31,0.056154463440179825,N
3HFM,4.062579084960999,A,32,0.08982226997613907,N
3HFM,2.2953300665752523,A,53,0.08528942912817002,Q
3HFM,-0.020554672321350154,A,50,0.0515136145055294,Y
3HFM,-0.5210974850736875,F,50,0.07924208268523217,Y
3HFM,2.7267895797233903,L,50,0.09900027215480804,Y
3HFM,0.031277811787958854,A,96,0.10318897962570191,Y
3HFM,0.0,F,96,1.680988827956753e-06,Y
