#PDB,DDG,Mut_AA,Position,RMSD,WT_AA
1XGP,-4.502527359218675,F,248,0.023436281085014343,A
1XGP,-0.5721711950780446,L,248,0.030338409170508385,A
1XGP,0.7800044127144247,I,248,0.06451802551746369,A
1XGP,0.7939460408353625,V,248,0.06083921268582344,A
