#PDB,DDG,Mut_AA,Position,RMSD,WT_AA
1XGP,3.15664571001289,F,248,0.5287375271320343,A
1XGP,-4.574236821718932,L,248,0.2171349495649338,A
1XGP,0.26995821734826675,I,248,0.3743971884250641,A
1XGP,-1.5550434762937584,V,248,0.321486222743988,A
