#PDB,DDG,Mut_AA,Position,RMSD,WT_AA
2BDN,-3.1524232547300928,R,309,0.16821507662534713,L
2BDN,-4.112685920311833,K,309,0.12789131999015807,L
2BDN,-0.2980281433413438,D,310,0.13208045512437822,N
2BDN,0.05026278943050784,Q,310,0.1816157802939415,N
2BDN,1.6501209852428473,E,313,0.1219215750694275,D
2BDN,0.6178046390178679,K,98,0.21422813832759857,Y
2BDN,0.5834581523004999,R,99,0.1944381594657898,N
2BDN,-0.7794957737060031,K,99,0.21142460107803346,N
2BDN,1.8100622584958728,D,121,0.2819205641746521,S
2BDN,0.1629452491821212,E,121,0.20973753929138184,S
2BDN,3.086938260383522,D,124,0.2522733598947525,T
2BDN,0.1766853589148923,E,124,0.15070274323225022,T
