#PDB,DDG,Mut_AA,Position,RMSD,WT_AA
1KIP,3.2880294002072787,Y,139,0.07542972266674042,A
