#PDB,DDG,Mut_AA,Position,RMSD,WT_AA
1VFB,5.2594708814937805,A,229,0.23845178186893462,D
1VFB,1.7482140068206262,A,183,0.21600822806358339,D
1VFB,0.6062043211960827,E,187,0.2419942557811737,D
1VFB,0.3430987221982377,N,187,0.3768128216266632,D
1VFB,3.6816432318504666,A,160,0.2655586272478104,G
1VFB,0.267324391801003,E,160,0.2675368502736092,G
1VFB,1.0182496914214425,W,160,0.25730974078178404,G
1VFB,-0.29398108811506063,W,228,0.25152723789215087,R
1VFB,-0.6654387817869519,Y,228,0.5442769974470139,R
1VFB,1.088315687259501,D,157,0.13064088970422744,S
1VFB,-0.28209781172299697,E,157,0.1829574704170227,S
1VFB,0.42110215515272104,N,157,0.1956920802593231,S
1VFB,0.030951543265973668,Q,157,0.1424772098660469,S
1VFB,3.3293141195716087,A,181,0.25962682366371154,W
1VFB,2.088754134418605,A,230,0.31948391199111936,Y
1VFB,-0.3744363988602345,F,230,0.21376553773880005,Y
1VFB,1.4937738483216436,A,161,0.22553848773241042,Y
1VFB,-2.877646965561098,E,161,0.3084796130657196,Y
1VFB,0.7740458479562676,W,276,0.32283068299293516,N
1VFB,2.118194576410224,F,297,0.18819399327039718,T
1VFB,-0.27440331942621016,R,298,0.13249710947275162,T
1VFB,3.8561491277746427,A,337,0.31030596792697906,W
1VFB,1.980574058742286,A,277,0.24499692916870117,Y
1VFB,0.07231550697833881,A,295,0.1995813876390457,Y
1VFB,-2.335387624779196,K,295,0.4141973525285721,Y
1VFB,-0.4969939428931866,R,295,0.22660082280635835,Y
