#PDB,DDG,Mut_AA,Position,RMSD,WT_AA
2B2X,0.006218436751305489,K,253,0.1678147181868553,E
2B2X,-0.95076158254451,T,239,0.12831494808197022,V
2B2X,0.5543112959433983,E,451,0.25261303037405014,Y
2B2X,-0.05844513400129472,K,253,0.2083347573876381,E
2B2X,-1.1682363583243387,T,239,0.16258308067917823,V
