#PDB,DDG,Mut_AA,Position,RMSD,WT_AA
2B2X,0.02657582937663392,K,253,0.14911509603261947,E
2B2X,-0.9096778559073755,T,239,0.13957629650831221,V
2B2X,0.8305793450198508,E,451,0.25165438950061797,Y
2B2X,0.08769386504309296,K,253,0.1175664022564888,E
2B2X,-1.2211541300331192,T,239,0.1657542422413826,V
