#PDB,DDG,Mut_AA,Position,RMSD,WT_AA
1DQJ,4.55099211498153,A,161,0.23422478139400482,D
1DQJ,5.55037041480485,A,227,0.2316731959581375,W
1DQJ,6.381688434988973,A,162,0.24736021955808005,Y
1DQJ,3.2011784457537638,A,179,0.26873689889907837,Y
1DQJ,4.071568133465462,A,182,0.1448101947704951,Y
1DQJ,-0.7491929738641071,A,370,0.10206107546885808,N
1DQJ,2.4908318028293857,A,371,0.10238520056009293,N
1DQJ,-0.2585742567401515,A,430,0.08945616334676743,S
1DQJ,1.8227382726552908,A,389,0.1361211190621058,Y
1DQJ,0.950614326806317,A,435,0.1370180125037829,Y
1MHP,-0.016760593075559882,W,284,0.0632246012489001,F
1MHP,0.394862877005077,Y,284,0.1323221748073896,F
1MHP,0.2390223618675312,F,285,0.016535791878898937,G
1MHP,1.565538778289465,L,285,0.16448901842037836,G
1MHP,-0.33379798252675147,M,285,0.06194543093442917,G
1MHP,-1.4687641973979833,S,285,0.043512201557556786,G
1MHP,-1.0754939195021507,A,238,0.026424584599832695,G
1MHP,0.9774516853434155,N,238,0.06341162261863549,G
1MHP,2.1214622723617444,S,238,0.02244466667373975,G
1MHP,0.4448055783232121,I,239,0.1453107843796412,G
