#PDB,DDG,Mut_AA,Position,RMSD,WT_AA
3N85,0.22075748102588477,F,710,0.2951636850833893,W
3N85,-2.7442402516965556,Y,713,0.29579149186611176,W
3N85,-2.667902794332986,K,865,0.2877304643392563,W
3N85,-0.2852347165494848,R,865,0.2684940129518509,W
