#PDB,DDG,Mut_AA,Position,RMSD,WT_AA
1XGQ,0.2723591754487279,I,248,0.1813430394232273,V
1XGQ,2.7022852747133586,A,248,0.21036802500486373,V
