#PDB,DDG,Mut_AA,Position,RMSD,WT_AA
3BN9,3.7109696115899853,V,352,0.2888140231370926,Q
3BN9,2.921790976797979,G,277,0.5505576834082604,S
