#PDB,DDG,Mut_AA,Position,RMSD,WT_AA
3HFM,0.9714850781841051,A,246,0.23217361569404601,D
3HFM,0.25848703640667736,N,246,0.2291518419981003,D
3HFM,0.12513026370197622,A,245,0.17587120234966278,S
3HFM,0.24514792410900554,A,247,0.2285973459482193,Y
3HFM,-0.22215677489621158,A,31,0.26075412333011627,N
3HFM,1.1911505133805804,D,31,0.20267608165740966,N
3HFM,0.6433652823392549,E,31,0.1905259370803833,N
3HFM,4.121398073727232,A,32,0.24084501564502717,N
3HFM,1.6842227328068475,A,53,0.1662003666162491,Q
3HFM,-0.38616339857690035,A,50,0.20395460724830627,Y
3HFM,0.17837441101955848,F,50,0.19656938314437866,Y
3HFM,3.170011501053159,L,50,0.23455546498298646,Y
3HFM,-0.02054563862393479,A,96,0.2171177625656128,Y
3HFM,-5.233708399969783,F,96,0.24314596354961396,Y
