#PDB,DDG,Mut_AA,Position,RMSD,WT_AA
3NGB,2.6372801354144486,G,416,0.15535237193107604,A
3NGB,0.9341514485954121,S,414,0.146125827729702,G
