#PDB,DDG,Mut_AA,Position,RMSD,WT_AA
1KIR,-2.8567167186854023,Y,50,0.2845260888338089,S
