#PDB,DDG,Mut_AA,Position,RMSD,WT_AA
3HFM,0.189690756415348,A,246,0.24876925349235535,D
3HFM,3.139057301527282,N,246,0.2582501649856567,D
3HFM,1.1656419672231095,A,245,0.14680096060037612,S
3HFM,1.9217292411753077,A,247,0.2217141032218933,Y
3HFM,-0.46249577656444674,A,31,0.2565457671880722,N
3HFM,1.1028566346716615,D,31,0.1888765200972557,N
3HFM,1.0136264073296843,E,31,0.25580371022224424,N
3HFM,3.691383300889447,A,32,0.2248474419116974,N
3HFM,0.9505133825291523,A,53,0.17976282238960267,Q
3HFM,-0.7458097049146091,A,50,0.22944968640804292,Y
