#PDB,DDG,Mut_AA,Position,RMSD,WT_AA
3NGB,2.942248803600523,G,416,0.14834797084331514,A
3NGB,0.8985551619527541,S,414,0.15971671640872956,G
3NGB,0.5777097318897176,T,389,0.16861587315797805,I
3NGB,-0.036364231369316255,N,411,0.12119894325733185,K
3NGB,-0.7158268298679105,K,422,0.18673005402088166,P
3NGB,0.11496743859433992,N,413,0.2256061315536499,R
