#PDB,DDG,Mut_AA,Position,RMSD,WT_AA
3BDY,0.04143875298350395,A,32,0.1422755688428879,D
3BDY,-0.05210778664768441,A,103,0.08743271082639695,D
3BDY,-0.11191415331113604,A,105,0.0863972932100296,F
3BDY,-0.08452954863814739,A,101,0.03991450667381287,G
3BDY,1.541079853019255,A,102,0.0394696943461895,G
3BDY,0.7005377225710617,A,104,0.06084414273500442,G
3BDY,-0.06457478558049842,A,31,0.13704100847244263,K
3BDY,0.07626753589674991,A,56,0.09878661930561065,N
3BDY,0.10148291734485611,A,51,0.12216509580612182,R
3BDY,0.15983453694343552,A,60,0.17932573705911636,R
3BDY,0.08341606611611496,A,33,0.08626737296581269,T
3BDY,0.061209758799850536,A,55,0.12918799221515656,T
3BDY,2.131070572446242,A,100,0.11425662487745285,W
3BDY,6.279362419900553,A,106,0.12667160630226135,Y
