#PDB,DDG,Mut_AA,Position,RMSD,WT_AA
1KIQ,-1.511241825840625,Y,208,0.08316796869039536,F
