#PDB,DDG,Mut_AA,Position,RMSD,WT_AA
1DQJ,3.349497019303162,A,161,0.18355516999959945,D
1DQJ,1.9351506245981818,A,227,0.2350898352265358,W
