#PDB,DDG,Mut_AA,Position,RMSD,WT_AA
3SE8,2.068865091088037,A,387,0.15532191023230552,R
3SE8,1.4359577088604965,A,404,0.18775494694709777,W
