#PDB,DDG,Mut_AA,Position,RMSD,WT_AA
1C08,-0.34084893961737633,F,293,0.23719277381896972,Y
1C08,1.2588515611909314,A,334,0.2224421739578247,S
1C08,-0.17787355732564264,A,336,0.17502276748418807,S
1C08,1.4357833349952898,A,274,0.2252155661582947,N
1C08,1.017888625336468,D,274,0.23207111656665802,N
1C08,2.988147771062927,A,275,0.24626094698905945,N
1C08,-0.03532390223510902,D,275,0.21313500106334687,N
1C08,2.4920144377888165,D,335,0.24221474826335906,N
1C08,1.7523316324491134,A,274,0.1949642315506935,N
1C08,0.06279040796348453,D,274,0.2320210188627243,N
1C08,2.4372899196470827,E,274,0.2141575425863266,N
1C08,3.8257657965611314,A,275,0.2423872947692871,N
1C08,2.099216894673077,A,293,0.28658100962638855,Y
1C08,3.9908700384646862,L,293,0.3220826029777527,Y
1C08,-0.31448289600573387,F,293,0.18133032619953154,Y
1C08,4.038237835083601,A,296,0.26453000903129575,Q
1C08,1.6375092045103656,A,339,0.22315565645694732,Y
1C08,-0.4143904761940803,F,339,0.2000258132815361,Y
1C08,0.21123558109429724,A,160,0.2028059884905815,S
1C08,-0.18230968967909575,A,161,0.18843143582344055,D
1C08,-0.4675803300614689,N,161,0.15706182569265364,D
1C08,-0.435990351672217,A,162,0.21229703724384308,Y
1C08,0.6662226334290609,A,179,0.2690150409936905,Y
1C08,1.0805363426786698,A,227,0.28094321489334106,W
1C08,-0.46152195081763236,F,227,0.40592610239982607,W
1C08,-0.025891516553269867,W,182,0.24642806649208068,Y
1C08,-0.008817288324689799,F,182,0.2762657642364502,Y
1C08,0.013400516250180771,L,182,0.4501133382320404,Y
1C08,0.4461814311797525,A,182,0.25959093272686007,Y
1C08,2.522461412740904,W,162,0.5548205435276031,Y
