#PDB,DDG,Mut_AA,Position,RMSD,WT_AA
1XGP,-0.4398530718205166,F,248,0.4060899579524994,A
1XGP,-4.1210328193525765,L,248,0.21853674530982972,A
