#PDB,DDG,Mut_AA,Position,RMSD,WT_AA
3G6D,0.18948013960462048,A,314,0.12104761600494385,H
3G6D,6.022670413399465,A,315,0.2058403417468071,W
