#PDB,DDG,Mut_AA,Position,RMSD,WT_AA
3L5X,0.004938981624036387,A,94,0.3276291012763977,Y
