#PDB,DDG,Mut_AA,Position,RMSD,WT_AA
1DQJ,2.731959401854207,A,161,0.21156124273935953,D
1DQJ,2.9171213174743875,A,227,0.25943036874135333,W
1DQJ,3.9458209948352305,A,162,0.227775106827418,Y
1DQJ,2.867360901953513,A,179,0.23381415009498596,Y
1DQJ,3.490488541207924,A,182,0.14885448416074118,Y
1DQJ,-0.9999125618292055,A,370,0.1109814743200938,N
1DQJ,2.522094827458053,A,371,0.09906076888243358,N
1DQJ,-0.4601982471303927,A,430,0.07414186249176662,S
1DQJ,1.7240141482786082,A,389,0.1304775004585584,Y
1DQJ,-0.2750532679136389,A,435,0.12519185990095139,Y
1MHP,-0.36847564129099436,W,284,0.10439658910036087,F
1MHP,-0.4022716826589203,Y,284,0.14428418626387915,F
1MHP,0.38977799768220694,F,285,0.027344640344381332,G
1MHP,0.7497532432906459,L,285,0.11941418920954068,G
1MHP,-0.9250314460661381,M,285,0.03446554113179445,G
1MHP,0.0757401951968859,S,285,0.03486418661971887,G
1MHP,-0.8714337592095944,A,238,0.027397499109307926,G
1MHP,6.306020364625056,N,238,0.1787834862867991,G
1MHP,1.4466670068034848,S,238,0.04294007271528244,G
1MHP,0.6924187431125878,I,239,0.14515783886114755,G
