#PDB,Position,WT_AA,Mut_AA,DDG
1DQJ,[161],['D'],['A'],3.6424507333173892
1DQJ,[227],['W'],['A'],2.4122559487283297
1DQJ,[162],['Y'],['A'],4.634513972737977
1DQJ,[179],['Y'],['A'],1.2604347237486309
1DQJ,[182],['Y'],['A'],11.22193791319819
1DQJ,[370],['N'],['A'],-1.6375483122762944
1DQJ,[371],['N'],['A'],3.851666955850078
1DQJ,[430],['S'],['A'],-0.9293724084859605
1DQJ,[389],['Y'],['A'],2.9312070091166333
1DQJ,[435],['Y'],['A'],-1.62898878247006
1MHP,[284],['F'],['W'],0.621884888376087
1MHP,[284],['F'],['Y'],5.871381177659771
1MHP,[285],['G'],['F'],5.382165931061991
1MHP,[285],['G'],['L'],-1.6275945690117624
1MHP,[285],['G'],['M'],-2.508210679079866
1MHP,[285],['G'],['S'],0.10829799502153037
1MHP,[238],['G'],['A'],-1.7605951299163394
1MHP,[238],['G'],['N'],-0.4689905598539781
1MHP,[238],['G'],['S'],1.1119549680859109
1MHP,[239],['G'],['I'],-0.8461960486287694
1MHP,[239],['G'],['T'],-0.8761685243889588
1MHP,[239],['G'],['Y'],-2.4357735151529596
1MHP,[249],['K'],['D'],0.04868271496684429
1MHP,[249],['K'],['E'],0.06807068518355663
1MHP,[249],['K'],['N'],0.028456377446673287
1MHP,[249],['K'],['Q'],-0.000687442163552987
1MHP,[245],['L'],['D'],-0.18535316682255143
1MHP,[216],['R'],['Q'],0.795909939485
1MHP,[220],['S'],['A'],-0.1406160686651674
1MHP,[220],['S'],['Q'],0.32529353553798046
1MHP,[237],['S'],['M'],2.9390567543398447
1MHP,[218],['T'],['N'],5.573009016003539
1MHP,[218],['T'],['V'],-0.4682147245288206
1MHP,[235],['T'],['V'],0.23016483484963146
1MHP,[243],['Y'],['E'],5.8121710833218
1MHP,[243],['Y'],['Q'],3.872499738109127
1MHP,[243],['Y'],['W'],-1.1835828016382948
1MHP,[244],['Y'],['E'],-0.11842626905126963
1MHP,[495],['G'],['Q'],0.911670279631835
1MHP,[495],['G'],['S'],0.5271770913579985
