#PDB,DDG,Mut_AA,Position,RMSD,WT_AA
1DQJ,3.6345009256904937,A,161,0.23550968368848166,D
1DQJ,3.0894230519102166,A,227,0.2394420156876246,W
1DQJ,4.91337741571427,A,162,0.1841374635696411,Y
1DQJ,3.594365736432337,A,179,0.2568292369445165,Y
1DQJ,5.376256779659798,A,182,0.12983026107152304,Y
1DQJ,-0.08266447383387761,A,370,0.10881534467140834,N
1DQJ,2.650991417795467,A,371,0.09730276465415955,N
1DQJ,-0.7224048435961473,A,430,0.07256730149189632,S
1DQJ,0.7764931012355495,A,389,0.1369277387857437,Y
1DQJ,-0.8022124080061985,A,435,0.1322523628671964,Y
1MHP,0.6189524674420378,W,284,0.11121098821361859,F
1MHP,1.925455591512673,Y,284,0.20298329492410025,F
1MHP,-0.18258296028216137,F,285,0.06566076974074046,G
1MHP,0.06961531285423916,L,285,0.16993277271588644,G
1MHP,-0.9224293322308768,M,285,0.013078592407206694,G
1MHP,0.11351851488658819,S,285,0.07335721328854561,G
1MHP,-0.7833927455708363,A,238,0.01440362042436997,G
1MHP,5.089270546843181,N,238,0.148151196539402,G
1MHP,2.1016925746319735,S,238,0.026543115576108296,G
1MHP,1.0412503731567995,I,239,0.1573166847229004,G
