#PDB,DDG,Mut_AA,Position,RMSD,WT_AA
1DQJ,4.383962290686668,A,161,0.2419670820236206,D
1DQJ,1.8631170069493237,A,227,0.2354126125574112,W
1DQJ,6.167989786664293,A,162,0.22538758317629495,Y
1DQJ,2.869367930444772,A,179,0.24690776566664377,Y
1DQJ,4.184250005464037,A,182,0.14993750552336374,Y
1DQJ,-0.8280391520916055,A,370,0.11184421926736832,N
1DQJ,2.9095429996777966,A,371,0.1194175233443578,N
1DQJ,-0.516235058748407,A,430,0.06215919057528178,S
1DQJ,0.5315770740818758,A,389,0.1295571948091189,Y
1DQJ,-0.957503817471661,A,435,0.12750041484832764,Y
1MHP,0.1013622423486898,W,284,0.13389030595620474,F
1MHP,1.2805081037739303,Y,284,0.161456989745299,F
1MHP,0.2845860791690029,F,285,0.04413635966678461,G
1MHP,8.418286353332405,L,285,0.18312007437149683,G
1MHP,-1.5502500931835737,M,285,0.03456130220244328,G
1MHP,0.03379077188219526,S,285,0.03174476015071074,G
1MHP,-0.8601534089554358,A,238,0.03355342708528042,G
1MHP,0.4983937557799436,N,238,0.11979348957538605,G
1MHP,1.956440960677052,S,238,0.020980014155308407,G
1MHP,0.5885395381010312,I,239,0.14437948167324066,G
