#PDB,DDG,Mut_AA,Position,RMSD,WT_AA
1KIR,-0.1198436172098809,Y,50,0.31173162162303925,S
