#PDB,DDG,Mut_AA,Position,RMSD,WT_AA
1N8Z,0.2048714233278588,A,615,0.33279380202293396,D
1N8Z,0.05245890019778017,A,614,0.2652902975678444,K
