#PDB,DDG,Mut_AA,Position,RMSD,WT_AA
1YY9,-1.945339751643587,A,673,0.3870615139603615,N
1YY9,-0.3073770457742285,E,678,0.48550295233726504,T
1YY9,0.3599850895781856,A,930,0.41322399377822877,N
1YY9,-0.7944289600551201,D,863,0.36908268481492995,S
