#PDB,Position,WT_AA,Mut_AA,DDG
1DQJ,[161],['D'],['A'],3.3943409656399126
1DQJ,[227],['W'],['A'],1.0014435767764098
1DQJ,[162],['Y'],['A'],6.428350631899178
1DQJ,[179],['Y'],['A'],-0.003856124727178667
1DQJ,[182],['Y'],['A'],7.064852557472477
1DQJ,[370],['N'],['A'],-2.87880353264768
1DQJ,[371],['N'],['A'],4.571989308366938
1DQJ,[430],['S'],['A'],-0.24740180495473396
1DQJ,[389],['Y'],['A'],2.8270108686438107
1DQJ,[435],['Y'],['A'],-0.8767593030384546
1MHP,"[249, 431]","['K', 'S']","['E', 'Q']",0.00911451731303714
1MHP,"[249, 431, 455]","['K', 'S', 'N']","['E', 'Q', 'Y']",-25.817771555922093
1MHP,"[245, 249]","['L', 'K']","['D', 'E']",0.02873846470151875
1MHP,"[245, 249]","['L', 'K']","['D', 'Q']",-0.15679734252898925
1MHP,"[220, 287]","['S', 'G']","['A', 'S']",-6.137201133063428
1MHP,"[220, 287]","['S', 'G']","['V', 'S']",-5.357735776819283
1MHP,"[218, 238]","['T', 'G']","['E', 'Q']",8.781975315920988
1MHP,"[218, 237, 238, 239]","['T', 'S', 'G', 'G']","['I', 'T', 'N', 'N']",-3.9780649320871078
1MHP,"[218, 237, 238, 239]","['T', 'S', 'G', 'G']","['I', 'T', 'Q', 'F']",6.388427971924216
1MHP,"[235, 287]","['T', 'G']","['V', 'S']",-1.4836573710113043
