#PDB,Position,WT_AA,Mut_AA,DDG
1DQJ,[161],['D'],['A'],2.3753296607908396
1DQJ,[227],['W'],['A'],2.0144176225938963
1DQJ,[162],['Y'],['A'],4.8842695028250205
1DQJ,[179],['Y'],['A'],0.8108781242056011
1DQJ,[182],['Y'],['A'],5.37254336861929
1DQJ,[370],['N'],['A'],-0.41435890508819284
1DQJ,[371],['N'],['A'],4.595199484613431
1DQJ,[430],['S'],['A'],-1.3398813648568648
1DQJ,[389],['Y'],['A'],2.8304149716793745
1DQJ,[435],['Y'],['A'],-1.468781386794035
1MHP,[284],['F'],['W'],0.10701772153379352
1MHP,[284],['F'],['Y'],1.2347337907417568
1MHP,[285],['G'],['F'],2.0509299695263508
1MHP,[285],['G'],['L'],-0.9512557790490064
1MHP,[285],['G'],['M'],-1.7139290667930709
1MHP,[285],['G'],['S'],0.8487373086595653
1MHP,[238],['G'],['A'],-1.9505742217932038
1MHP,[238],['G'],['N'],-0.7643841665724267
1MHP,[238],['G'],['S'],0.2462916894312457
1MHP,[239],['G'],['I'],-3.6388324227120847
