#PDB,DDG,Mut_AA,Position,RMSD,WT_AA
1MHP,1.2979166402982627,W,284,0.19239864647388458,F
1MHP,1.093865113774791,Y,284,0.20232754945755005,F
1MHP,0.4728554731533222,F,285,0.20764761194586753,G
1MHP,-0.12089521315569982,L,285,0.14267530143260956,G
1MHP,-0.6302385886912816,M,285,0.1547228917479515,G
1MHP,-1.5282147161178727,S,285,0.16629251912236215,G
1MHP,-0.4086209914742994,A,238,0.15138903334736825,G
1MHP,0.29092390865002926,N,238,0.25338032096624374,G
