#PDB,DDG,Mut_AA,Position,RMSD,WT_AA
1N8Z,-0.05368604012346623,A,615,0.2490947127342224,D
1N8Z,0.04508099458107608,A,614,0.2664205402135849,K
1N8Z,-0.12190419396229117,A,616,0.30491952002048495,T
1N8Z,3.318479574653793,A,617,0.5912216424942016,Y
