#PDB,DDG,Mut_AA,Position,RMSD,WT_AA
1JRH,4.298368779860402,A,27,0.36978217363357546,E
1JRH,3.104537272775997,A,28,0.29935255348682405,D
1JRH,0.6221751591505381,A,30,0.4073534309864044,Y
1JRH,-0.22966008071971372,A,91,0.27790978401899336,Y
1JRH,0.28057431935603744,A,92,0.2641019582748413,W
1JRH,-0.06227888799203356,A,93,0.17733495235443114,S
1JRH,0.549533466039793,A,94,0.2644333988428116,T
1JRH,-0.4381342702163238,A,95,0.5014326274394989,W
1JRH,1.356990398661037,A,199,0.2838865488767624,Y
1JRH,0.6758374368114346,A,221,0.2475276529788971,W
1JRH,0.8961753694340132,A,222,0.2903945207595825,W
1JRH,5.540285183557808,A,223,0.2584622651338577,D
1JRH,0.5688516336345856,A,224,0.3337577521800995,D
1JRH,3.8596470912738368,A,225,0.2606315821409225,D
1JRH,1.3493855777339832,A,227,0.36523268818855287,Y
1JRH,-0.31942507517446755,A,267,0.28993392288684844,R
1JRH,-0.48070738931519374,A,270,0.2924330711364746,F
1JRH,4.284415913499197,A,271,0.2731026172637939,Y
1JRH,-0.3787962134776535,A,274,0.3471375674009323,H
