#PDB,DDG,Mut_AA,Position,RMSD,WT_AA
1MHP,1.0088723063418001,W,284,0.20183556973934175,F
1MHP,2.029968586916675,Y,284,0.17140053808689118,F
1MHP,0.2528398908239069,F,285,0.19214560091495514,G
1MHP,0.8444035279423587,L,285,0.19929275065660476,G
1MHP,-0.7003748432147404,M,285,0.15846382975578308,G
1MHP,-1.2580032888092318,S,285,0.14387224316596986,G
1MHP,-0.27092559414877543,A,238,0.17425406128168106,G
1MHP,-0.3670824571742742,N,238,0.26163128316402434,G
1MHP,0.5286244055731913,S,238,0.22449550032615662,G
1MHP,1.2564114585741664,I,239,0.25989830493927,G
1MHP,1.5270506560619652,T,239,0.18565094470977783,G
1MHP,6.946564973765544,Y,239,0.2795050412416458,G
1MHP,0.5331457424314976,D,249,0.25813921093940734,K
1MHP,-0.04499082613237988,E,249,0.1634347140789032,K
1MHP,-0.06510785669697725,N,249,0.17778454422950746,K
1MHP,-0.5580538761126264,Q,249,0.2165285900235176,K
1MHP,-0.6043549292107855,D,245,0.2158842772245407,L
1MHP,0.06532770428084404,Q,216,0.15157770365476608,R
1MHP,-0.46370839524506663,A,220,0.17105648666620255,S
1MHP,-1.0536860733452158,Q,220,0.14845879077911378,S
