#PDB,DDG,Mut_AA,Position,RMSD,WT_AA
1XGR,-3.4519819149614706,F,248,0.15489440262317658,I
1XGR,-1.400911104822353,L,248,0.2114846497774124,I
1XGR,1.2571521829591803,V,248,0.1911999315023422,I
1XGR,2.2505405985953075,A,248,0.21536155939102172,I
