#PDB,DDG,Mut_AA,Position,RMSD,WT_AA
3L5X,-0.24750391827737986,A,94,0.3909469783306122,Y
