#PDB,Position,WT_AA,Mut_AA,DDG
1DQJ,[161],['D'],['A'],2.487057296878182
1DQJ,[227],['W'],['A'],6.300374681082076
1DQJ,[162],['Y'],['A'],3.5747569373022543
1DQJ,[179],['Y'],['A'],3.689829963439024
1DQJ,[182],['Y'],['A'],3.6603980691507254
1DQJ,[370],['N'],['A'],-1.548135518946765
1DQJ,[371],['N'],['A'],2.6723007549321665
1DQJ,[430],['S'],['A'],0.04109302499819023
1DQJ,[389],['Y'],['A'],2.428420435437507
1DQJ,[435],['Y'],['A'],-0.6565416883372563
1MHP,"[249, 431]","['K', 'S']","['E', 'Q']",-0.3793850129752627
1MHP,"[249, 431, 455]","['K', 'S', 'N']","['E', 'Q', 'Y']",-0.518539328096305
1MHP,"[245, 249]","['L', 'K']","['D', 'E']",0.0429636822905195
1MHP,"[245, 249]","['L', 'K']","['D', 'Q']",-1.2437968342241372
1MHP,"[220, 287]","['S', 'G']","['A', 'S']",-6.669242074419344
1MHP,"[220, 287]","['S', 'G']","['V', 'S']",2.5750323924498844
1MHP,"[218, 238]","['T', 'G']","['E', 'Q']",11.859066957954724
1MHP,"[218, 237, 238, 239]","['T', 'S', 'G', 'G']","['I', 'T', 'N', 'N']",5.532932920592884
1MHP,"[218, 237, 238, 239]","['T', 'S', 'G', 'G']","['I', 'T', 'Q', 'F']",13.354183279409293
1MHP,"[235, 287]","['T', 'G']","['V', 'S']",-4.366829271829033
