#PDB,DDG,Mut_AA,Position,RMSD,WT_AA
1BJ1,0.01837211179836231,A,27,0.24631720036268234,Y
1BJ1,5.080208936884037,A,54,0.4523406058549881,Y
1BJ1,0.10862623240018365,A,59,0.2600715532898903,T
1BJ1,3.000033120281705,A,99,0.3224090293049812,Y
1BJ1,-0.170737334496971,A,107,0.24811598062515258,H
1BJ1,1.5151728072222794,W,54,0.3375024154782295,Y
1BJ1,-0.2157881713433653,D,28,0.21302582398056985,T
1BJ1,0.9420425777849687,H,31,0.27034824788570405,N
1BJ1,-2.222609966266009,Y,101,0.2320415571331978,H
1BJ1,0.08816601253029148,T,105,0.246465016156435,S
