#PDB,DDG,Mut_AA,Position,RMSD,WT_AA
1XGP,-2.6576529658464096,F,248,0.27625043839216235,A
1XGP,-3.6654089874752116,L,248,0.24121628552675248,A
