#PDB,DDG,Mut_AA,Position,RMSD,WT_AA
1KIR,-2.6132691596234507,Y,50,0.3103094071149826,S
