#PDB,DDG,Mut_AA,Position,RMSD,WT_AA
3G6D,-0.5272627504106822,A,314,0.19184685498476028,H
3G6D,6.019503378091121,A,315,0.21050768494606018,W
