#PDB,DDG,Mut_AA,Position,RMSD,WT_AA
1VFB,-0.16315301425116557,E,187,0.2334227131307125,D
1VFB,-0.17209986442245281,N,187,0.21280076704919337,D
1VFB,3.6532270115464964,A,160,0.2988628488779068,G
1VFB,-0.07152143414705278,E,160,0.17665903713554143,G
