#PDB,DDG,Mut_AA,Position,RMSD,WT_AA
1JRH,3.974238184435717,A,27,0.3114088237285614,E
1JRH,5.71699624802518,A,28,0.5188584208488465,D
1JRH,2.503921264183873,A,30,0.40803091526031493,Y
1JRH,0.6708917585220661,A,91,0.26417440474033355,Y
1JRH,-0.6074786131274322,A,92,0.3414180546998978,W
1JRH,0.2688984893125507,A,93,0.26593396365642546,S
1JRH,-0.6243509316321252,A,94,0.235915145277977,T
1JRH,0.6878146793850192,A,95,0.36166375279426577,W
1JRH,1.5212417104357427,A,199,0.2648079454898834,Y
1JRH,0.7889947571692574,A,221,0.3617993891239166,W
1JRH,0.33695426162280456,A,222,0.33454297184944154,W
1JRH,5.005247738801154,A,223,0.221494659781456,D
1JRH,0.29098048066812227,A,224,0.25695053935050965,D
1JRH,2.6696501544766305,A,225,0.19449202120304107,D
1JRH,1.0256475451563347,A,227,0.3025984108448029,Y
1JRH,-0.6373890105635838,A,267,0.22881580889225006,R
