#PDB,DDG,Mut_AA,Position,RMSD,WT_AA
1MLC,-0.1215831301833532,A,186,0.2622972637414932,S
1MLC,-3.9746493746592932,V,186,0.35755128264427183,S
1MLC,-0.18381067498457923,D,157,0.2915345743298531,T
1MLC,1.521147093371019,A,160,0.31593223512172697,T
1MLC,-0.7961940673893878,V,160,0.3512973070144653,T
1MLC,0.34736592160670626,W,160,0.4398505687713623,T
1MLC,0.44878925987213736,D,187,0.21178798079490663,T
1MLC,1.025677638046909,G,379,0.324607914686203,N
1MLC,-1.5270154082429144,Y,379,0.2811382502317429,N
1MLC,0.14908605153941606,A,439,0.3441076636314392,N
