#PDB,DDG,Mut_AA,Position,RMSD,WT_AA
1DVF,1.208705183148868,A,30,0.24889115393161773,H
1DVF,-0.5436142175313762,A,93,0.23470245897769929,S
1DVF,3.019722762753008,A,92,0.2336576461791992,W
1DVF,0.17972625095353578,A,32,0.28766831159591677,Y
1DVF,0.0795304029576073,A,49,0.3186624735593796,Y
1DVF,-1.2435351048145094,A,49,0.2598343133926392,Y
1DVF,5.841131000439236,A,50,0.2576661452651024,Y
1DVF,14.87224269952585,A,207,0.26816760301589965,D
1DVF,4.803946815040308,A,161,0.24489286541938782,D
1DVF,3.130088791090202,A,165,0.20407881438732148,D
1DVF,1.4051942844413587,A,205,0.24332915842533112,E
1DVF,-0.2799942784751693,A,163,0.14449231550097466,N
