#PDB,Position,WT_AA,Mut_AA,DDG
1DQJ,[161],['D'],['A'],2.4425968115672276
1DQJ,[227],['W'],['A'],2.3221149576174867
1DQJ,[162],['Y'],['A'],0.10929484635134183
1DQJ,[179],['Y'],['A'],0.5682231846760715
1DQJ,[182],['Y'],['A'],2.778215617748174
1DQJ,[370],['N'],['A'],-1.0318263581630163
1DQJ,[371],['N'],['A'],3.5024574052836215
1DQJ,[430],['S'],['A'],0.1017224502161298
1DQJ,[389],['Y'],['A'],3.469389291111156
1DQJ,[435],['Y'],['A'],-1.271772699253006
1MHP,"[249, 431]","['K', 'S']","['E', 'Q']",-0.3131782545920032
1MHP,"[249, 431, 455]","['K', 'S', 'N']","['E', 'Q', 'Y']",-0.5485300783363982
1MHP,"[245, 249]","['L', 'K']","['D', 'E']",-0.21187635894348963
1MHP,"[245, 249]","['L', 'K']","['D', 'Q']",-0.2360355103155598
1MHP,"[220, 287]","['S', 'G']","['A', 'S']",-1.8508759085040463
1MHP,"[220, 287]","['S', 'G']","['V', 'S']",-1.6262703823435156
1MHP,"[218, 238]","['T', 'G']","['E', 'Q']",7.921258526907574
1MHP,"[218, 237, 238, 239]","['T', 'S', 'G', 'G']","['I', 'T', 'N', 'N']",-5.711881516377294
1MHP,"[218, 237, 238, 239]","['T', 'S', 'G', 'G']","['I', 'T', 'Q', 'F']",2.5466455787884192
1MHP,"[235, 287]","['T', 'G']","['V', 'S']",2.4083784647357334
