#PDB,DDG,Mut_AA,Position,RMSD,WT_AA
1NMB,5.35386772037341,N,554,0.18418752551078796,D
1NMB,3.44539659173779,E,554,0.23771902024745942,D
1NMB,2.789366450896705,A,600,0.2536939471960068,Y
1NMB,-0.1252768607915641,F,602,0.15081689059734343,Y
1NMB,1.645533643608087,F,422,0.2967402756214142,Y
1NMB,-0.6536700038083382,F,483,0.2611060380935669,T
1NMB,11.725686615132236,W,483,0.7606470584869385,T
1NMB,0.2254794592750841,V,484,0.23256219923496246,L
