#PDB,DDG,Mut_AA,Position,RMSD,WT_AA
1VFB,2.9623095469592498,A,229,0.18146847188472748,D
1VFB,1.2853531862689125,A,183,0.16152847111225127,D
1VFB,-0.5553451762515124,E,187,0.17479290515184404,D
1VFB,0.035404793736870485,N,187,0.20210171937942506,D
1VFB,0.845611681524997,A,160,0.27205242216587067,G
1VFB,-0.4925729918388697,E,160,0.2322060965001583,G
1VFB,1.0443556980905668,W,160,0.21220128536224364,G
1VFB,-1.1591368475468697,W,228,0.15998624861240388,R
1VFB,-1.6674357716370196,Y,228,0.17669720351696014,R
1VFB,0.13082701453690787,D,157,0.17070303559303285,S
1VFB,-1.3290599416894566,E,157,0.18326712995767594,S
1VFB,-0.7218896549326473,N,157,0.17263412177562715,S
1VFB,-0.3873375703051806,Q,157,0.12511907070875167,S
1VFB,3.3982728667122957,A,181,0.40667571127414703,W
1VFB,1.4209912583720326,A,230,0.19455981254577637,Y
1VFB,0.02855604408673571,F,230,0.25041461884975436,Y
1VFB,1.0830723106641016,A,161,0.2779565900564194,Y
1VFB,-0.7625883851708295,E,161,0.2590480178594589,Y
1VFB,-1.314888360927489,W,276,0.14199275076389312,N
1VFB,0.991494202440299,F,297,0.17937885373830795,T
