#PDB,DDG,Mut_AA,Position,RMSD,WT_AA
1MLC,0.6283043428877135,A,186,0.2882884293794632,S
1MLC,-1.363764781293139,V,186,0.31394685208797457,S
1MLC,-2.493571985437029,D,157,0.293475142121315,T
1MLC,0.4667633575304535,A,160,0.25879615545272827,T
1MLC,-0.2113775025918585,V,160,0.2711992859840393,T
1MLC,-3.268405769227138,W,160,0.29752289950847627,T
1MLC,-1.2894813515248642,D,187,0.5886809915304184,T
1MLC,0.6964779408113827,G,379,0.29286971092224123,N
