#PDB,Position,WT_AA,Mut_AA,DDG
1DQJ,[161],['D'],['A'],2.8119061057582257
1DQJ,[227],['W'],['A'],0.7642389055484765
1DQJ,[162],['Y'],['A'],6.801293211667996
1DQJ,[179],['Y'],['A'],-0.8229902656518675
1DQJ,[182],['Y'],['A'],7.356833534556813
1DQJ,[370],['N'],['A'],-2.87880353264768
1DQJ,[371],['N'],['A'],4.571989308366938
1DQJ,[430],['S'],['A'],-0.24740180495473396
1DQJ,[389],['Y'],['A'],2.8270108686438107
1DQJ,[435],['Y'],['A'],-0.7862972510814265
1MHP,"[249, 431]","['K', 'S']","['E', 'Q']",-0.3009502263680588
1MHP,"[249, 431, 455]","['K', 'S', 'N']","['E', 'Q', 'Y']",-38.52045793159866
1MHP,"[245, 249]","['L', 'K']","['D', 'E']",0.09090116737411336
1MHP,"[245, 249]","['L', 'K']","['D', 'Q']",-0.18322850854042372
1MHP,"[220, 287]","['S', 'G']","['A', 'S']",-5.760413351166562
1MHP,"[220, 287]","['S', 'G']","['V', 'S']",-5.054482397248212
1MHP,"[218, 238]","['T', 'G']","['E', 'Q']",8.419201709835628
1MHP,"[218, 237, 238, 239]","['T', 'S', 'G', 'G']","['I', 'T', 'N', 'N']",-5.945697154249842
1MHP,"[218, 237, 238, 239]","['T', 'S', 'G', 'G']","['I', 'T', 'Q', 'F']",5.834469652025159
1MHP,"[235, 287]","['T', 'G']","['V', 'S']",1.4505213401111898
