#PDB,DDG,Mut_AA,Position,RMSD,WT_AA
1DQJ,2.8555145763198424,A,161,0.23848126083612442,D
1DQJ,2.363833883099596,A,227,0.24137314260005951,W
1DQJ,4.214200752079409,A,162,0.2336784228682518,Y
1DQJ,4.078473727539176,A,179,0.2287661015987396,Y
1DQJ,3.7943482221516205,A,182,0.1353624939918518,Y
1DQJ,-0.7214849541624971,A,370,0.11586563512682915,N
1DQJ,2.950008989145817,A,371,0.09943177029490471,N
1DQJ,-0.11878128594016743,A,430,0.08406367935240269,S
1DQJ,1.1297081194893963,A,389,0.134995174407959,Y
1DQJ,-0.9963251052779469,A,435,0.1253907024860382,Y
1MHP,-0.6367630611311142,W,284,0.11809592209756374,F
1MHP,2.449627527449047,Y,284,0.11898782029747963,F
1MHP,0.25336895502614426,F,285,0.031833537947386505,G
1MHP,3.896009687085143,L,285,0.159445171803236,G
1MHP,-0.8133262854935766,M,285,0.05234796879813075,G
1MHP,0.10511714410035893,S,285,0.02980357613414526,G
1MHP,-1.1248821393895923,A,238,0.04168228954076767,G
1MHP,4.320001380007261,N,238,0.10007929485291242,G
1MHP,1.767359602118404,S,238,0.032667894195765254,G
1MHP,0.4742258910909186,I,239,0.14589087069034576,G
