#PDB,DDG,Mut_AA,Position,RMSD,WT_AA
1XGU,2.369327166512676,L,247,0.19174907952547074,F
1XGU,6.00789828011275,I,247,0.2326320230960846,F
1XGU,4.032504334313581,V,247,0.21737463325262069,F
1XGU,5.307952748097523,A,247,0.17375996485352516,F
