#PDB,DDG,Mut_AA,Position,RMSD,WT_AA
1DQJ,3.5482560261968197,A,161,0.11164857198794682,D
1DQJ,2.278025973899124,A,227,0.1366179883480072,W
1DQJ,2.915367097396029,A,162,0.13830176989237467,Y
1DQJ,0.9326141507579754,A,179,0.13959734638532004,Y
1DQJ,6.062337778497597,A,182,0.14670279622077942,Y
1DQJ,-0.8832686102579524,A,370,0.09503506869077682,N
1DQJ,2.8619491590394923,A,371,0.1047036995490392,N
1DQJ,1.0676882707836437,A,430,0.10763020813465118,S
1DQJ,0.3854413526087228,A,389,0.13747677952051163,Y
1DQJ,-0.5417740543604547,A,435,0.12793819109598795,Y
1MHP,0.18398499543021293,W,284,0.1630928342541059,F
1MHP,8.672758073989522,Y,284,0.14870155105988184,F
1MHP,0.31063567509954737,F,285,0.04087065843244394,G
1MHP,1.45595690441102,L,285,0.09247640520334244,G
1MHP,-0.8616512443157566,M,285,0.056214979539314903,G
1MHP,0.0026314164216879967,S,285,0.1022714947660764,G
1MHP,-0.24785775755647896,A,238,0.030777491784344118,G
1MHP,2.281481157812626,N,238,0.11364758697648843,G
1MHP,2.2296841181660056,S,238,0.02541297022253275,G
1MHP,0.5759294436801005,I,239,0.14635073641935983,G
1MHP,4.01712817372739,T,239,0.14044402539730072,G
1MHP,-1.0661773939368686,Y,239,0.07843110213677089,G
1MHP,0.05987297121570615,D,249,0.11361747731765111,K
1MHP,0.13234244338870363,E,249,0.07455373927950859,K
1MHP,2.7603226347612995e-06,N,249,0.11098199089368184,K
1MHP,0.4097297081520992,Q,249,0.07209439451495807,K
1MHP,-0.39096849448878856,D,245,0.058424451698859535,L
1MHP,1.1925887938856856,Q,216,0.1617210159699122,R
1MHP,0.01230315605122693,A,220,0.0695493792494138,S
1MHP,0.80204726181834,Q,220,0.17630966504414877,S
1MHP,3.610131910232061,M,237,0.1741084704796473,S
1MHP,2.2663630407884434,N,218,0.07551189015309016,T
1MHP,6.922674951623169,V,218,0.07028839488824208,T
1MHP,-1.2454036116128009,V,235,0.07219092547893524,T
1MHP,4.049310085507386,E,243,0.15790257354577383,Y
1MHP,3.0184468013943238,Q,243,0.15801761547724405,Y
1MHP,2.0882871226241755,W,243,0.07386373231808345,Y
1MHP,-0.33781266469698795,E,244,0.1709772596756617,Y
1MHP,1.585816493769774,Q,495,0.12587149192889532,G
1MHP,-0.6498333894489102,S,495,0.11339478691418965,G
