#PDB,DDG,Mut_AA,Position,RMSD,WT_AA
1NCA,2.578981518595765,Q,637,0.45796325206756594,N
1NCA,-1.1029765799451297,D,706,0.888865077495575,E
1NCA,6.098784028440832,K,707,0.48611940145492555,D
1NCA,5.391160963089897,Q,708,0.4083361506462097,N
