#PDB,DDG,Mut_AA,Position,RMSD,WT_AA
1VFB,4.584464754628884,A,229,0.23771073460578918,D
1VFB,2.097967433676281,A,183,0.20589413702487946,D
1VFB,0.7691796884652331,E,187,0.23155762612819672,D
1VFB,-0.07600191382742195,N,187,0.19381722569465637,D
