#PDB,DDG,Mut_AA,Position,RMSD,WT_AA
1KIP,-1.7897315186386549,Y,139,0.23133851885795592,A
