#PDB,Position,WT_AA,Mut_AA,DDG
1DQJ,[161],['D'],['A'],2.399554561247063
1DQJ,[227],['W'],['A'],6.300374681082076
1DQJ,[162],['Y'],['A'],3.5747569373022543
1DQJ,[179],['Y'],['A'],3.689829963439024
1DQJ,[182],['Y'],['A'],3.6586587273332043
1DQJ,[370],['N'],['A'],-1.548135518946765
1DQJ,[371],['N'],['A'],2.6723007549321665
1DQJ,[430],['S'],['A'],0.04109302499819023
1DQJ,[389],['Y'],['A'],2.4308633553285213
1DQJ,[435],['Y'],['A'],-0.6565416883372563
1MHP,"[249, 431]","['K', 'S']","['E', 'Q']",-0.41074434490542444
1MHP,"[249, 431, 455]","['K', 'S', 'N']","['E', 'Q', 'Y']",-0.3224759377130795
1MHP,"[245, 249]","['L', 'K']","['D', 'E']",-0.021957962422675337
1MHP,"[245, 249]","['L', 'K']","['D', 'Q']",-1.2803073078453053
1MHP,"[220, 287]","['S', 'G']","['A', 'S']",-6.698704555911718
1MHP,"[220, 287]","['S', 'G']","['V', 'S']",2.6358093975431984
1MHP,"[218, 238]","['T', 'G']","['E', 'Q']",11.901334230684219
1MHP,"[218, 237, 238, 239]","['T', 'S', 'G', 'G']","['I', 'T', 'N', 'N']",5.320749015080651
1MHP,"[218, 237, 238, 239]","['T', 'S', 'G', 'G']","['I', 'T', 'Q', 'F']",13.299441679029238
1MHP,"[235, 287]","['T', 'G']","['V', 'S']",-4.330556475249712
