#PDB,DDG,Mut_AA,Position,RMSD,WT_AA
1XGT,-0.9976516808777888,F,248,0.13476814925670624,L
1XGT,2.1384549789259837,I,248,0.16029614210128784,L
1XGT,3.779757392992451,V,248,0.16613620966672898,L
1XGT,5.212227210358924,A,248,0.1787259489297867,L
