#PDB,DDG,Mut_AA,Position,RMSD,WT_AA
3BN9,3.1691893767405417,V,352,0.29559669494628904,Q
3BN9,1.7791280248019121,G,277,0.2276248961687088,S
3BN9,3.5756670728936113,N,277,0.35910253822803495,S
3BN9,-0.17380903773118916,R,275,0.29420008659362795,T
3BN9,0.8023925251526635,Q,349,0.7915243595838547,T
3BN9,-2.6152748974656332,R,349,0.25795410573482513,T
3BN9,3.6841741011619433,S,350,0.23872255086898803,Y
