#PDB,DDG,Mut_AA,Position,RMSD,WT_AA
3NGB,2.936241945737129,G,416,0.1580933392047882,A
3NGB,0.7046361437217457,S,414,0.1792701005935669,G
3NGB,0.7567381876752733,T,389,0.1341259717941284,I
3NGB,-0.27232694566919236,N,411,0.11337802410125733,K
3NGB,-0.20410968838286864,K,422,0.1903494969010353,P
3NGB,0.14925878582698715,N,413,0.16175127476453782,R
3NGB,-0.7638617996742141,Q,421,0.15258454382419587,R
3NGB,-0.9696670230636301,Y,392,0.25189036726951597,T
3NGB,0.2754751785479129,T,417,0.169559483230114,V
3NGB,-0.2375756255043598,T,433,0.18938909769058226,V
3NGB,2.898875316185786,S,434,0.18184038400650024,Y
