#PDB,DDG,Mut_AA,Position,RMSD,WT_AA
1DQJ,2.7196484178430183,A,161,0.10808370759089787,D
1DQJ,3.299914812981721,A,227,0.14138216276963553,W
1DQJ,4.313498534740877,A,162,0.11875201761722565,Y
1DQJ,0.7161802624794594,A,179,0.1322281410296758,Y
1DQJ,3.4282161789134684,A,182,0.15034530063470206,Y
1DQJ,-0.32001211529283563,A,370,0.09060005098581314,N
1DQJ,2.820086613523017,A,371,0.10108830034732819,N
1DQJ,0.5310354596889132,A,430,0.08024274930357933,S
1DQJ,1.493132247417634,A,389,0.13367068519194922,Y
1DQJ,-0.5529099545872972,A,435,0.11582207928101222,Y
1MHP,0.6503478990498479,W,284,0.13254678497711816,F
1MHP,4.827130786420791,Y,284,0.2075723111629486,F
1MHP,0.18257508864356473,F,285,0.03879725762332479,G
1MHP,0.9969111085933946,L,285,0.16465943058331808,G
1MHP,-0.08033956347268638,M,285,0.09586202974120776,G
1MHP,0.15585407661274076,S,285,0.029617287606621783,G
1MHP,-1.1659003533445684,A,238,0.010175644420087337,G
1MHP,10.51696131073868,N,238,0.13039481143156686,G
1MHP,1.4366854951748185,S,238,0.031109750270843506,G
1MHP,0.35391392495527424,I,239,0.14439721405506134,G
1MHP,11.505674670342918,T,239,0.08161385854085286,G
1MHP,4.431796373937384,Y,239,0.17226192355155945,G
1MHP,2.305263781939478e-06,D,249,0.10839546471834183,K
1MHP,2.3051378169232826e-06,E,249,0.05672323082884153,K
1MHP,2.305213153401079e-06,N,249,0.10691018402576447,K
1MHP,0.03613129463368144,Q,249,0.052479991068442665,K
1MHP,-0.4018870541096173,D,245,0.04981330409646034,L
1MHP,0.37515311368467036,Q,216,0.1602788766225179,R
1MHP,-1.4488756217636667,A,220,0.06279563903808594,S
1MHP,1.4319862286268592,Q,220,0.10986773173014323,S
1MHP,1.554468432166838,M,237,0.18620607753594717,S
1MHP,2.168047083019246,N,218,0.040898303190867104,T
1MHP,8.401135571247929,V,218,0.08010362337032954,T
1MHP,0.6962941570253255,V,235,0.08868575965364774,T
1MHP,4.416941594094472,E,243,0.15902591248353323,Y
1MHP,2.648084917951413,Q,243,0.16386514405409494,Y
1MHP,1.1866165768040748,W,243,0.06138595566153526,Y
1MHP,-0.0902170091840162,E,244,0.15129238863786063,Y
1MHP,-0.8194119725391525,Q,495,0.0789180373152097,G
1MHP,-0.8055657383817257,S,495,0.10146735360225041,G
