#PDB,DDG,Mut_AA,Position,RMSD,WT_AA
3BN9,3.812578470204926,V,352,0.2929695636034012,Q
3BN9,3.5362693392281925,G,277,0.20850877314805985,S
3BN9,3.1576750964092755,N,277,0.31544199883937835,S
3BN9,0.19949575413320417,R,275,0.182999649643898,T
3BN9,0.5679401548870828,Q,349,0.23934444785118103,T
3BN9,-0.8858362262218179,R,349,0.2088976114988327,T
3BN9,3.8016695940764746,S,350,0.3138112425804138,Y
