#PDB,DDG,Mut_AA,Position,RMSD,WT_AA
1DQJ,3.777274581047626,A,161,0.10325154662132263,D
1DQJ,2.8471682672373695,A,227,0.13749321301778158,W
1DQJ,4.2801541765343245,A,162,0.12723189095656076,Y
1DQJ,1.5328714852854926,A,179,0.1504528820514679,Y
1DQJ,5.509100390375276,A,182,0.15354793270428976,Y
1DQJ,-0.34766109239080834,A,370,0.1068280041217804,N
1DQJ,3.0495741795652975,A,371,0.10118127365907033,N
1DQJ,-0.39933546140143034,A,430,0.07592579101522763,S
1DQJ,1.0347060258407812,A,389,0.15496470034122467,Y
1DQJ,-0.5975632428051844,A,435,0.1343523065249125,Y
1MHP,-0.5205491476910235,W,284,0.0766139527161916,F
1MHP,0.45312949500794275,Y,284,0.15053144097328186,F
1MHP,0.11748065854908418,F,285,0.025070531914631527,G
1MHP,4.800644240892628,L,285,0.19117320577303568,G
1MHP,-0.32115642440279163,M,285,0.060981616377830505,G
1MHP,0.2438710897610387,S,285,0.07172037909428279,G
1MHP,-1.8402391459978087,A,238,0.06500910284618537,G
1MHP,2.0715884308766968,N,238,0.07411382735396425,G
1MHP,1.9938009067201772,S,238,0.08241287494699161,G
1MHP,1.7563708771173576,I,239,0.14831324418385824,G
1MHP,-1.8265365977842218,T,239,0.09863911817471187,G
1MHP,-3.148938914931326,Y,239,0.031579291758437954,G
1MHP,-0.0428537022285127,D,249,0.11155372609694798,K
1MHP,0.06598139662082758,E,249,0.07623543466130893,K
1MHP,-0.43646868968047176,N,249,0.12225208183129628,K
1MHP,-0.0004215462064773116,Q,249,0.04287531475226084,K
1MHP,0.3648978807693008,D,245,0.08993171900510788,L
1MHP,0.4804732132556637,Q,216,0.15550735592842102,R
1MHP,-0.2455595924983148,A,220,0.061737572153409324,S
1MHP,-0.2688990888071506,Q,220,0.05255868285894394,S
1MHP,2.501025517198741,M,237,0.18245373169581094,S
1MHP,2.2805908359572036,N,218,0.06227792675296465,T
1MHP,7.752834298731614,V,218,0.07412471373875935,T
1MHP,1.721306534090066,V,235,0.06981280073523521,T
1MHP,4.5688715195856275,E,243,0.15852144857247671,Y
1MHP,3.2247832761915256,Q,243,0.15765940149625143,Y
1MHP,1.2399892163948607,W,243,0.09644344945748647,Y
1MHP,-0.4422802229552569,E,244,0.15958520770072937,Y
1MHP,-1.6038819912243223,Q,495,0.09064477930466334,G
1MHP,-2.744975610459884,S,495,0.0853329598903656,G
