#PDB,DDG,Mut_AA,Position,RMSD,WT_AA
1XGU,2.539490798825864,L,247,0.21537203788757325,F
1XGU,5.219367812100609,I,247,0.24119950234889984,F
1XGU,4.567963879237505,V,247,0.20146673619747163,F
1XGU,5.1290334856227675,A,247,0.16209106147289276,F
