#PDB,DDG,Mut_AA,Position,RMSD,WT_AA
3SE8,0.7762052942455739,A,387,0.07258708924055099,R
3SE8,1.2531163520139672,A,404,0.09765497893095017,W
3SE8,3.754110106999451,A,407,0.09597531855106353,W
3SE8,2.2815988238517093,A,409,0.10100181996822358,K
