#PDB,DDG,Mut_AA,Position,RMSD,WT_AA
1XGR,-3.5979255291315893,F,248,0.16319276094436647,I
1XGR,-0.9198368598877096,L,248,0.1614186257123947,I
1XGR,1.4606276440980763,V,248,0.17851685583591462,I
1XGR,1.9510616136998578,A,248,0.2003701865673065,I
