#PDB,DDG,Mut_AA,Position,RMSD,WT_AA
3NGB,2.9755630757823384,G,416,0.1347407430410385,A
3NGB,1.0942412653002065,S,414,0.1541106641292572,G
3NGB,0.6058481630553615,T,389,0.13728008717298507,I
3NGB,-0.1596206311603055,N,411,0.11206137537956237,K
