#PDB,DDG,Mut_AA,Position,RMSD,WT_AA
3BE1,-0.20379773799841133,A,616,0.41346855759620665,D
3BE1,0.1504941342111124,A,687,0.6162039011716842,D
