#PDB,DDG,Mut_AA,Position,RMSD,WT_AA
1C08,-0.22786137586433597,A,336,0.2116490200161934,S
1C08,1.7420039192239096,A,274,0.21636811062693595,N
1C08,0.25220496826012323,D,274,0.2516742214560509,N
1C08,2.675731135587039,A,275,0.2546458198130131,N
