#PDB,DDG,Mut_AA,Position,RMSD,WT_AA
1MHP,1.061025112357929,W,284,0.21761775746941567,F
1MHP,0.9224146842071241,Y,284,0.19531426042318345,F
