#PDB,DDG,Mut_AA,Position,RMSD,WT_AA
1MLC,-0.2550106628862068,A,186,0.2621359498798847,S
1MLC,-1.9675810496485702,V,186,0.35525094002485275,S
