"Mutation","Model Coefficient (kcal/mol)"
"P28T",-0.12440473964442739
"R30S",0.015457147142230572
"T57A",-0.05223353424392491
"K58N",-0.006680928597455633
"P61Q",-0.02144152500632024
"D73E",-0.04762565850464283
"F74S",-0.4650447163540861
"A75T",0.15593482287976823
"G76S",-0.13096206815946015
"V78A",-0.21690641286740517
"V100L",-0.05657664325072602