Mut1,Mut2,Coefficient
P28T,R30S,1.1087735768465128
P28T,T57A,-0.01443960777848808
P28T,K58N,0.19672099037474672
P28T,P61Q,-0.021648410121794685
P28T,D73E,0.38759174570033045
P28T,F74S,1.0646644106430485
P28T,A75T,-0.22952468221965133
P28T,G76S,0.25299898296770573
P28T,V78A,0.16576255561759162
P28T,V100L,0.04666786957620095
R30S,T57A,0.09584433497876052
R30S,K58N,0.11299255788141666
R30S,P61Q,0.008161429863580379
R30S,D73E,-0.1279520081795041
R30S,F74S,0.9818054070746292
R30S,A75T,-0.01573724910616968
R30S,G76S,0.3969466518590655
R30S,V78A,0.07177346516989644
R30S,V100L,0.04770908767537755
T57A,K58N,0.021983615201654413
T57A,P61Q,0.039606773065243774
T57A,D73E,0.027729854295000626
T57A,F74S,-0.011329068123087448
T57A,A75T,0.026107527382946926
T57A,G76S,-0.01376670155327702
T57A,V78A,0.028953058774327578
T57A,V100L,0.04181345557618332
K58N,P61Q,-0.03347879047597531
K58N,D73E,0.13134349852689742
K58N,F74S,0.10086536411911712
K58N,A75T,0.0033767432100809333
K58N,G76S,0.05479166075655703
K58N,V78A,0.05417186585740574
K58N,V100L,-0.04880641165995009
P61Q,D73E,0.04040580624004235
P61Q,F74S,0.056202925631961935
P61Q,A75T,-0.042704403246588044
P61Q,G76S,-0.018531797871023534
P61Q,V78A,-0.02009377514645322
P61Q,V100L,0.011434619421886977
D73E,F74S,0.11433925510848794
D73E,A75T,-0.1113493727757553
D73E,G76S,-0.005256683354595719
D73E,V78A,0.1164447011163337
D73E,V100L,0.0030875586181758757
F74S,A75T,-0.29225467906843083
F74S,G76S,0.410052921589221
F74S,V78A,0.2747068771451379
F74S,V100L,-0.01635199541839305
A75T,G76S,0.08838616662386031
A75T,V78A,0.09719557819824903
A75T,V100L,0.01907931639949171
G76S,V78A,-0.05175266756910475
G76S,V100L,0.013256375669314889
V78A,V100L,0.005195403411380417
