Mut1,Mut2,Coefficient
P28T,R30S,0.9059056642969068
P28T,T57A,0.011922931112053427
P28T,K58N,0.22358308094656723
P28T,P61Q,0.03821148608584628
P28T,D73E,0.2959738012101865
P28T,F74S,1.1155080337114245
P28T,A75T,-0.23763480748673568
P28T,G76S,0.21694295348929118
P28T,V78A,0.20990673930687576
P28T,V100L,0.0819784768930103
R30S,T57A,0.08067280679094763
R30S,K58N,0.06426788244419976
R30S,P61Q,0.030250936622126856
R30S,D73E,-0.36677188729124677
R30S,F74S,1.0144955040741577
R30S,A75T,0.07910760635434745
R30S,G76S,0.30882763636248894
R30S,V78A,0.03956084794001368
R30S,V100L,0.0650645445646208
T57A,K58N,-0.008504473276508127
T57A,P61Q,0.0050291190267959945
T57A,D73E,0.0482126708908321
T57A,F74S,-0.023333161821034752
T57A,A75T,-0.0008738669372880953
T57A,G76S,0.010561926747506466
T57A,V78A,0.03045005324159214
T57A,V100L,0.04685749287878728
K58N,P61Q,0.007142374531014906
K58N,D73E,0.07824511456674076
K58N,F74S,0.09310675230979858
K58N,A75T,-0.00700910182247283
K58N,G76S,0.018556780492949648
K58N,V78A,0.061333960235560966
K58N,V100L,-0.022521804752493955
P61Q,D73E,0.03366385621150532
P61Q,F74S,0.05919698504008691
P61Q,A75T,-0.01439194458228086
P61Q,G76S,-0.04896693865703831
P61Q,V78A,-0.07071648993315267
P61Q,V100L,0.059440625261063584
D73E,F74S,0.21649810861988772
D73E,A75T,-0.24721286886729185
D73E,G76S,0.02072822541191978
D73E,V78A,0.18221237371672797
D73E,V100L,-0.008831646142172325
F74S,A75T,-0.43388119655270746
F74S,G76S,0.5481828186871986
F74S,V78A,0.5492352191298876
F74S,V100L,0.07705100363021936
A75T,G76S,0.22037589035352906
A75T,V78A,0.15395417674231943
A75T,V100L,-0.031637534926693536
G76S,V78A,-0.20660105892460345
G76S,V100L,0.08841208871313536
V78A,V100L,0.06674067127185873
