"Mutation","Model Coefficient (kcal/mol)"
"S29F",0.16801643250132903
"N30S",0.8177336814346641
"N31S",1.042509044402503
"S52I",-3.7138378897515246
"S56T",1.7929568597836691
"T57A",0.45984821692674294
"A58N",-0.8144604152721246
"S70T",0.09811570385059103
"I73K",2.932896074089662
"F74S",2.590988984643556
"S75T",0.06182876691874262
"N76S",0.5658167527129225
"N82AS",0.10586620485313028
"T83R",0.11476014014700046
"F91Y",-0.06252261968691188
"S100BY",0.418637212135883
