Type,Order,Mean,Std
Train,0,0.0,8.599750569898517e-17
Train,1,0.719088893845853,0.0036107068316101596
Train,2,0.9002005924473734,0.002460957621223454
Train,3,0.9403128354452356,0.0017794749193660551
Train,4,0.9673802908333512,0.0015079897121340429
Test,0,-0.006617113026664789,0.010092199774579532
Test,1,0.7112516505065107,0.033117695872310955
Test,2,0.8911758557901395,0.024080448546775848
Test,3,0.9203683066428822,0.018447098239708148
Test,4,0.9281436573994195,0.01965667499068813
