#PDB,DDG,Mut_AA,Position,RMSD,WT_AA
1DVF,2.251475975683479,A,30,0.26642224490642546,H
1DVF,0.37953337163207834,A,93,0.24679601788520814,S
1DVF,1.4592174791091566,A,92,0.27773903906345365,W
1DVF,0.1837862681021761,A,32,0.2709024876356125,Y
1DVF,-0.20823205064161812,A,49,0.3948667734861374,Y
1DVF,-0.673058948427024,A,49,0.2411275774240494,Y
1DVF,9.344725144469248,A,50,0.3203724592924118,Y
1DVF,15.790632974169148,A,207,0.29743875861167907,D
1DVF,3.604970682162366,A,161,0.18712829053401947,D
1DVF,2.788615290838243,A,165,0.20384241342544557,D
1DVF,-0.6235548854323497,A,205,0.24760335683822632,E
1DVF,-0.11201227756600929,A,163,0.17333869487047196,N
1DVF,1.060317907298213,A,206,0.25397412329912183,R
1DVF,-0.2658743637877706,A,137,0.1434302031993866,T
1DVF,2.2251070450807675,A,159,0.25601763725280763,W
1DVF,-0.36426548908493717,F,208,0.16691291630268096,Y
1DVF,0.43686301347288464,A,139,0.18961597084999085,Y
1DVF,2.531254535955213,A,273,0.2959240347146988,Y
1DVF,-7.676328420671507,A,384,0.22004704177379608,D
1DVF,-1.9883395761998144,A,365,0.2221539855003357,H
1DVF,-0.03337831051885587,A,362,0.28651635348796844,K
