#PDB,DDG,Mut_AA,Position,RMSD,WT_AA
1MLC,-0.08142117306115323,A,186,0.2020317643880844,S
1MLC,-1.4875790344420239,V,186,0.3088138699531555,S
1MLC,-0.4572496449234677,D,157,0.2584230795502663,T
1MLC,0.6282555236611188,A,160,0.2423674076795578,T
1MLC,-0.16133335133654328,V,160,0.23550848215818404,T
1MLC,-3.486012488831784,W,160,0.25753040611743927,T
1MLC,0.18121228591016916,D,187,0.2904615193605423,T
1MLC,0.0730489754854716,G,379,0.24833850264549256,N
1MLC,-1.7577608582056201,Y,379,0.2528813242912292,N
1MLC,-0.20502510785481717,A,439,0.23110538721084595,N
