#PDB,DDG,Mut_AA,Position,RMSD,WT_AA
3L5X,-1.5435456237125436,A,94,0.3812747001647949,Y
