#PDB,DDG,Mut_AA,Position,RMSD,WT_AA
3HFM,1.732807353154658,A,246,0.22000192999839782,D
3HFM,0.9038625999250144,N,246,0.2374890774488449,D
3HFM,-0.6692517691856665,A,245,0.17101441621780394,S
3HFM,2.9843974107920075,A,247,0.21658167839050294,Y
3HFM,-0.21381702614571624,A,31,0.2777146190404892,N
3HFM,-0.4785048415614256,D,31,0.19151365160942077,N
3HFM,2.2983272177084473,E,31,0.19169172942638396,N
3HFM,2.1611134609450344,A,32,0.20568352937698364,N
3HFM,1.8274410208839071,A,53,0.1746370628476143,Q
3HFM,-0.538883980432729,A,50,0.21230657398700714,Y
3HFM,0.9716732703317575,F,50,0.2678662449121475,Y
3HFM,3.1139957476375457,L,50,0.25878612995147704,Y
3HFM,-1.0361665617586369,A,96,0.18505566865205764,Y
3HFM,-3.138070559783773,F,96,0.2855919420719147,Y
