#PDB,DDG,Mut_AA,Position,RMSD,WT_AA
1KIQ,-4.2108551040854305,Y,208,0.2207413837313652,F
