#PDB,DDG,Mut_AA,Position,RMSD,WT_AA
3BDY,-0.1773376996029583,A,32,0.22372088581323624,D
3BDY,0.0804827985560678,A,103,0.1788330629467964,D
3BDY,-0.5163320569572534,A,105,0.17461888790130614,F
3BDY,-0.09731729679488126,A,101,0.28054056465625765,G
3BDY,0.17235976855749868,A,102,0.16974809020757675,G
3BDY,1.0618612534950898,A,104,0.2611939266324043,G
3BDY,0.0009001068352517905,A,31,0.21485541760921478,K
3BDY,0.054846553254719765,A,56,0.1833757907152176,N
3BDY,0.13489372336493943,A,51,0.2536823138594627,R
3BDY,0.9590311891933198,A,60,0.3130273178219795,R
3BDY,0.48474680690223976,A,33,0.21689664721488952,T
3BDY,-0.09143374427867457,A,55,0.21025657951831817,T
