#PDB,DDG,Mut_AA,Position,RMSD,WT_AA
4FQY,0.1860185933544926,N,59,1.499553918838501,A
4FQY,-1.7838350107496808,S,77,1.189500892162323,N
