#PDB,DDG,Mut_AA,Position,RMSD,WT_AA
1NCA,3.9541764383668125,Q,637,0.40765143632888795,N
1NCA,-4.0643307108448194,D,706,0.4566902846097946,E
1NCA,7.688273837336647,K,707,0.8096638977527618,D
1NCA,7.563569294079116,Q,708,0.4087731510400772,N
