#PDB,DDG,Mut_AA,Position,RMSD,WT_AA
1DQJ,3.57653680332387,A,161,0.2084379345178604,D
1DQJ,2.2134321841493145,A,227,0.21813007593154907,W
1DQJ,3.6119588392784863,A,162,0.17066747695207596,Y
1DQJ,2.0070622778948746,A,179,0.20449020266532897,Y
1DQJ,5.575753336445632,A,182,0.2751062214374542,Y
1DQJ,0.8366004619432715,A,370,0.1805802285671234,N
1DQJ,3.4844614678567267,A,371,0.23148775696754456,N
1DQJ,-0.23494269155798975,A,430,0.17173348218202591,S
1DQJ,2.34268816969161,A,389,0.23741593360900878,Y
1DQJ,-0.3850075320441647,A,435,0.24740365147590637,Y
