#PDB,DDG,Mut_AA,Position,RMSD,WT_AA
3NGB,4.012171118107835,G,416,0.1602206662297249,A
3NGB,1.1320714065322135,S,414,0.1432247757911682,G
3NGB,0.7280992531192169,T,389,0.12216905653476715,I
3NGB,0.2261398345894122,N,411,0.1068197399377823,K
3NGB,-0.680287512009454,K,422,0.18997728377580642,P
3NGB,0.05557160071684848,N,413,0.1825963169336319,R
3NGB,-0.7744173698076338,Q,421,0.14269260913133622,R
3NGB,-1.482211475854092,Y,392,0.24894192814826965,T
3NGB,0.43821369167353624,T,417,0.13667744100093843,V
3NGB,-0.0007817146326488001,T,433,0.16060781925916673,V
