#PDB,DDG,Mut_AA,Position,RMSD,WT_AA
1NCA,1.2170655734122193,Q,637,0.04663902223110199,N
1NCA,1.0199132427457243,D,706,0.07673540115356445,E
1NCA,16.508950589952246,K,707,0.07414073050022126,D
1NCA,6.782532979966436,Q,708,0.00853415597230196,N
