#PDB,DDG,Mut_AA,Position,RMSD,WT_AA
1XGT,0.18191761605094142,F,248,0.15635908469557763,L
1XGT,1.6722607745517961,I,248,0.18050990402698516,L
