#PDB,DDG,Mut_AA,Position,RMSD,WT_AA
5C6T,0.47150255155684134,S,606,0.10138335675001145,R
5C6T,0.0,A,607,2.979328792207525e-06,S
5C6T,0.23704698879928401,A,672,0.04868738576769829,N
5C6T,-0.716221634248177,A,673,0.06244138404726982,Y
