#PDB,DDG,Mut_AA,Position,RMSD,WT_AA
1XGR,-3.6238920377785235,F,248,0.19371247291564941,I
1XGR,-1.34531544963761,L,248,0.21580205708742142,I
