#PDB,DDG,Mut_AA,Position,RMSD,WT_AA
1C08,-0.510756313005038,F,293,0.23419827446341515,Y
1C08,1.0678115303797882,A,334,0.24332401305437087,S
