#PDB,DDG,Mut_AA,Position,RMSD,WT_AA
2B2X,0.07274639225752252,K,253,0.14674638360738754,E
2B2X,-0.9365200673701111,T,239,0.16690922677516937,V
2B2X,0.4573992963222736,E,451,0.20937218368053437,Y
2B2X,-0.08705989180534743,K,253,0.1401524692773819,E
2B2X,-1.1639529758164826,T,239,0.18607212752103805,V
