#PDB,DDG,Mut_AA,Position,RMSD,WT_AA
1DQJ,4.854517708459789,A,162,0.2227246978878975,Y
1DQJ,2.457161684645407,A,179,0.2237806287407875,Y
