#PDB,DDG,Mut_AA,Position,RMSD,WT_AA
1XGP,4.7370816482667575,F,248,0.5357786506414414,A
1XGP,-4.517736278999109,L,248,0.2173858791589737,A
1XGP,-2.3265292246410354,I,248,0.3037724018096924,A
1XGP,-1.5661540094257362,V,248,0.30363528430461884,A
