#PDB,DDG,Mut_AA,Position,RMSD,WT_AA
1VFB,5.59368263882252,A,229,0.22025975286960603,D
1VFB,1.9682169359859472,A,183,0.3248593360185623,D
1VFB,-1.7612767212682683,E,187,0.20038997530937194,D
1VFB,0.4188241782755995,N,187,0.2508257657289505,D
1VFB,1.1870577533300093,A,160,0.22272651195526122,G
1VFB,0.18883544117484236,E,160,0.1324016995728016,G
1VFB,2.941670109811548,W,160,0.19731714725494384,G
1VFB,-1.40442584604898,W,228,0.17188396155834199,R
1VFB,-1.5822293243725654,Y,228,0.20809995085000993,R
1VFB,-0.029160668368922414,D,157,0.4580487921833992,S
1VFB,-0.5199995992412824,E,157,0.13780968636274338,S
1VFB,0.9670884327637396,N,157,0.15209997445344925,S
1VFB,0.4932906222082238,Q,157,0.1391537755727768,S
1VFB,3.335952730483041,A,181,0.22218041121959686,W
1VFB,2.4655572763474085,A,230,0.24599314630031585,Y
1VFB,-1.6251013288715057,F,230,0.18524336069822311,Y
1VFB,0.6697164598163908,A,161,0.3799045741558075,Y
1VFB,0.4893070639024245,E,161,0.2486793279647827,Y
1VFB,-1.3454378915456346,W,276,0.14716113954782487,N
1VFB,-0.3115752441261975,F,297,0.17418089658021926,T
1VFB,-0.35916263898448053,R,298,0.2290758192539215,T
1VFB,4.037657803637876,A,337,0.2520426005125046,W
1VFB,1.2617647820748972,A,277,0.19464108049869538,Y
1VFB,-0.5434002311439599,A,295,0.24878930151462555,Y
1VFB,1.4221369765236886,K,295,0.4147931426763535,Y
1VFB,-2.239365250584933,R,295,0.2437518358230591,Y
