#PDB,DDG,Mut_AA,Position,RMSD,WT_AA
2B2X,-0.08047781292380023,K,253,0.16192079931497574,E
2B2X,-1.157194762889867,T,239,0.167286516726017,V
2B2X,0.45007507968612115,E,451,0.24704540967941285,Y
2B2X,-0.039502716985771257,K,253,0.12849268317222595,E
2B2X,-1.0788470037965454,T,239,0.11455863937735558,V
