#PDB,DDG,Mut_AA,Position,RMSD,WT_AA
1XGQ,-4.164413684828924,F,248,0.23428936302661896,V
1XGQ,-0.7809063380568659,L,248,0.3187363564968109,V
1XGQ,0.7346292915996855,I,248,0.20402872264385224,V
1XGQ,3.2389750457085937,A,248,0.23133773505687713,V
