#PDB,DDG,Mut_AA,Position,RMSD,WT_AA
3BE1,-0.039378514847658155,A,616,0.391195522248745,D
3BE1,-0.09012847547264755,A,687,0.4824317455291748,D
3BE1,-0.1246732005438389,A,689,0.48190529346466066,F
3BE1,0.037116857606361006,A,685,0.44859061390161514,G
