#PDB,DDG,Mut_AA,Position,RMSD,WT_AA
3BDY,0.11477514586813413,A,32,0.24015432000160217,D
3BDY,0.03821012621756381,A,103,0.2146931231021881,D
3BDY,-0.31006018750586006,A,105,0.14547380954027175,F
3BDY,0.03476453842140472,A,101,0.2519045501947403,G
3BDY,0.0725427042031697,A,102,0.18897440880537034,G
3BDY,1.3488126235466553,A,104,0.262424436211586,G
3BDY,-0.4113063625575705,A,31,0.235432031750679,K
3BDY,0.11535487047531205,A,56,0.23088962733745574,N
3BDY,-0.6810670905153529,A,51,0.2654933869838715,R
3BDY,0.5064689750499383,A,60,0.35284656286239624,R
3BDY,0.4493511387936451,A,33,0.21638154685497285,T
3BDY,-0.1931598935353577,A,55,0.20210438668727876,T
3BDY,2.27512692049786,A,100,0.26955932974815366,W
3BDY,8.01036243218996,A,106,0.2582381933927536,Y
3BDY,0.9637469331784814,A,34,0.3352281033992767,Y
3BDY,0.24917801308602067,A,53,0.1964876353740692,Y
3BDY,-0.12624050016947877,A,58,0.16628794223070145,Y
3BDY,0.009847299072498572,A,251,0.2408234030008316,G
3BDY,0.07425928512338942,A,271,0.1903798311948776,G
3BDY,0.7353802273830297,A,311,0.20223622918128967,H
3BDY,-0.5515422374349328,A,245,0.1999127134680748,I
3BDY,1.4998712606387017,A,249,0.2282219111919403,I
3BDY,0.43637204696269694,A,246,0.1479000374674797,P
3BDY,-0.3687337365347048,A,247,0.226551815867424,R
3BDY,-0.07494320772893844,A,248,0.18040949553251268,S
3BDY,2.6828279264887898,A,250,0.25289719104766845,S
