#PDB,DDG,Mut_AA,Position,RMSD,WT_AA
1KIP,-2.0287182915984885,Y,139,0.23299221098423004,A
