#PDB,DDG,Mut_AA,Position,RMSD,WT_AA
3SE8,2.5185002263408025,A,387,0.18419268429279329,R
3SE8,1.5516691723590157,A,404,0.15985934436321259,W
3SE8,3.2740217978705006,A,407,0.1889573872089386,W
3SE8,2.2728008871589735,A,409,0.195720311999321,K
