#PDB,DDG,Mut_AA,Position,RMSD,WT_AA
1DQJ,2.528062505655998,A,161,0.08381820768117905,D
1DQJ,2.845402941212251,A,227,0.12589904367923738,W
1DQJ,5.6196484734869045,A,162,0.11529173403978348,Y
1DQJ,0.8879907513940453,A,179,0.12376459538936616,Y
1DQJ,5.026702427417513,A,182,0.11988883316516877,Y
1DQJ,0.27175650932604184,A,370,0.05765732377767563,N
1DQJ,2.7914631778896366,A,371,0.07694399058818817,N
1DQJ,0.5916179176386323,A,430,0.058735087513923645,S
1DQJ,1.5727244988782332,A,389,0.1256893828511238,Y
1DQJ,-0.4750555172528948,A,435,0.10350951403379441,Y
