#PDB,DDG,Mut_AA,Position,RMSD,WT_AA
1MHP,0.9163440131927928,W,284,0.22944725155830384,F
1MHP,1.5508433942350166,Y,284,0.19767529368400574,F
1MHP,0.6366027013354142,F,285,0.21714788675308228,G
1MHP,-0.16674214833401493,L,285,0.1451819822192192,G
1MHP,-1.810540105115524,M,285,0.1599126935005188,G
1MHP,-0.721223866096534,S,285,0.18619587272405624,G
1MHP,0.32462460860106146,A,238,0.15287528336048126,G
1MHP,-0.3450416932859298,N,238,0.27886849343776704,G
1MHP,0.9173362521495619,S,238,0.21346165835857392,G
1MHP,1.5181233575270199,I,239,0.2700456827878952,G
1MHP,1.2605440437182551,T,239,0.1849745273590088,G
1MHP,5.467911068424655,Y,239,0.24943272471427919,G
1MHP,-0.20987516279647025,D,249,0.1942884713411331,K
1MHP,-0.02015459112581084,E,249,0.15523405820131303,K
1MHP,0.5256114253254964,N,249,0.21889430284500122,K
1MHP,0.0754295903455386,Q,249,0.15271342247724534,K
1MHP,-0.41099777297495166,D,245,0.21362800300121307,L
1MHP,0.3097684520035727,Q,216,0.16032075583934785,R
