#PDB,DDG,Mut_AA,Position,RMSD,WT_AA
1XGP,-2.2905580725759136,F,248,0.2224047802388668,A
1XGP,-3.9065274361848425,L,248,0.22356733232736586,A
1XGP,-1.0598100086967406,I,248,0.3109878242015839,A
1XGP,-2.031464643857453,V,248,0.31445464193820954,A
