#PDB,DDG,Mut_AA,Position,RMSD,WT_AA
2BDN,-3.0248993323570175,R,309,0.16032294631004335,L
2BDN,-3.9718762389719813,K,309,0.1741626262664795,L
2BDN,0.12848362827226084,D,310,0.18254767507314681,N
2BDN,0.23265773343764523,Q,310,0.1913742408156395,N
2BDN,1.6761948640053561,E,313,0.22145043313503265,D
2BDN,-0.23085435515477,K,98,0.21357713937759398,Y
2BDN,-0.2096133822372394,R,99,0.18201073706150056,N
2BDN,-0.5129720433268631,K,99,0.13764379322528839,N
2BDN,0.4881589551041543,D,121,0.2071038603782654,S
2BDN,0.6500026628935303,E,121,0.17736402451992034,S
2BDN,2.499259527027243,D,124,0.2750758171081543,T
2BDN,0.6446330423374093,E,124,0.10188915431499482,T
