#PDB,DDG,Mut_AA,Position,RMSD,WT_AA
1XGU,1.8217292461165016,L,247,0.21210817396640777,F
1XGU,5.2847675869709745,I,247,0.22714553773403168,F
1XGU,3.748802918664933,V,247,0.214276459813118,F
1XGU,5.124652819231687,A,247,0.17234362661838531,F
