#PDB,DDG,Mut_AA,Position,RMSD,WT_AA
3G6D,-0.2799063561019466,A,314,0.12556307762861252,H
3G6D,5.6229502280289125,A,315,0.22852205336093903,W
