#PDB,DDG,Mut_AA,Position,RMSD,WT_AA
3BDY,-0.10725309934168763,A,32,0.22815112471580506,D
3BDY,-0.009603618857181574,A,103,0.20886672735214235,D
3BDY,-0.32427800983241467,A,105,0.21910983622074126,F
3BDY,-0.1484563932121091,A,101,0.27245141863822936,G
3BDY,0.2446088160909312,A,102,0.25487915277481077,G
3BDY,1.8498607138541956,A,104,0.2840736091136932,G
3BDY,0.03622169755626601,A,31,0.2194136381149292,K
3BDY,0.08455342225133791,A,56,0.20117013454437255,N
3BDY,0.13391155591125425,A,51,0.22454643547534942,R
3BDY,0.8694974905160052,A,60,0.28918335437774656,R
3BDY,0.5755434381139821,A,33,0.23388975262641906,T
3BDY,-0.009632056902864861,A,55,0.20313029885292053,T
3BDY,2.3181304669928067,A,100,0.2630381077528,W
3BDY,7.647043511052471,A,106,0.27837069928646085,Y
