#PDB,DDG,Mut_AA,Position,RMSD,WT_AA
3BDY,0.11569023633760481,A,32,0.20765485614538193,D
3BDY,0.12397392157567992,A,103,0.1870838299393654,D
