#PDB,DDG,Mut_AA,Position,RMSD,WT_AA
1MHP,1.5012639719673644,W,284,0.22598313689231872,F
1MHP,1.68216171274953,Y,284,0.18204427063465117,F
1MHP,0.42305523556351543,F,285,0.2776333183050156,G
1MHP,-0.40699829686091105,L,285,0.15480638146400452,G
1MHP,-1.290721216475322,M,285,0.16447057723999023,G
1MHP,-0.9046088308848994,S,285,0.15103316605091094,G
1MHP,0.031039398223947502,A,238,0.16608788669109345,G
1MHP,-0.23711067168151204,N,238,0.24843530356884003,G
1MHP,1.0283737895929335,S,238,0.17752073407173158,G
1MHP,2.0783740569775544,I,239,0.2664629727602005,G
