#PDB,DDG,Mut_AA,Position,RMSD,WT_AA
4FQY,0.3966184593469734,N,59,1.5458006739616394,A
4FQY,0.22805293505425653,S,77,2.042124533653259,N
4FQY,-0.13039318566216024,A,58,1.797323966026306,T
4FQY,0.0974150717484008,F,29,1.8412919998168946,S
