#PDB,DDG,Mut_AA,Position,RMSD,WT_AA
3N85,0.1898458664365535,F,710,0.11985753774642945,W
3N85,-2.7408694481333895,Y,713,0.04478356316685676,W
3N85,-2.5626768800848367,K,865,0.12249289155006408,W
3N85,0.05171417026367635,R,865,0.10706565976142883,W
3N85,0.029963756513279805,Y,867,0.03729907423257828,S
3N85,-0.7403231494381999,A,867,0.033522699028253555,S
3N85,-0.001193925417101127,G,885,0.039389618486166,S
3N85,6.187088568412901,Y,887,0.05290609076619148,S
3N85,2.5979327954657037,F,935,0.13358318507671357,W
3N85,2.584268628818518,F,935,0.13362781405448915,W
