#PDB,DDG,Mut_AA,Position,RMSD,WT_AA
1XGP,-0.4008666987318065,F,248,0.47502722442150114,A
1XGP,-3.288998556152092,L,248,0.18070551753044128,A
1XGP,-0.8274604319262835,I,248,0.3162213206291199,A
1XGP,-2.43325154731383,V,248,0.2927049249410629,A
