#PDB,DDG,Mut_AA,Position,RMSD,WT_AA
1VFB,5.482243792794361,A,229,0.24687410593032838,D
1VFB,1.6850264818051754,A,183,0.16717671528458594,D
