#PDB,DDG,Mut_AA,Position,RMSD,WT_AA
1BJ1,-0.13365674150327322,A,27,0.22430699169635773,Y
1BJ1,3.183200879644846,A,54,0.41516752243041993,Y
1BJ1,-1.006895116954911,A,59,0.23112259209156036,T
1BJ1,3.3850724582619476,A,99,0.29161701500415804,Y
1BJ1,-0.10419212192082342,A,107,0.2942196696996689,H
1BJ1,2.140712273913323,W,54,0.2811304599046707,Y
1BJ1,-0.7504820379542252,D,28,0.20989590883255005,T
1BJ1,0.7283748322413885,H,31,0.22106735706329345,N
1BJ1,-1.8256358737031406,Y,101,0.24429300129413606,H
1BJ1,-0.8792329773938036,T,105,0.22989389747381211,S
