#PDB,DDG,Mut_AA,Position,RMSD,WT_AA
3G6D,-0.17003652678931758,A,314,0.09250197261571884,H
3G6D,6.010215619240716,A,315,0.23876938819885254,W
