#PDB,DDG,Mut_AA,Position,RMSD,WT_AA
1MHP,1.475618535940157,W,284,0.2096169412136078,F
1MHP,1.1501643089448408,Y,284,0.1668449729681015,F
1MHP,0.4459555020879634,F,285,0.24066856354475022,G
1MHP,-0.3892325184187939,L,285,0.2006923571228981,G
1MHP,-1.1983731547839853,M,285,0.1629179298877716,G
1MHP,-0.9522483305620881,S,285,0.140223953127861,G
1MHP,0.1144329474843289,A,238,0.152456833422184,G
1MHP,-0.29307006612934855,N,238,0.25227113366127013,G
1MHP,2.1378907542009076,S,238,0.2629143685102463,G
1MHP,1.882331698004873,I,239,0.2460475593805313,G
1MHP,0.7120836160962426,T,239,0.17929542660713196,G
1MHP,5.938919838586662,Y,239,0.28553141057491305,G
1MHP,-0.17988703198680014,D,249,0.20013182759284973,K
1MHP,0.07793274492651107,E,249,0.15758979320526123,K
1MHP,0.4789293857262237,N,249,0.24583888053894043,K
1MHP,0.08516854779163623,Q,249,0.1673782616853714,K
1MHP,-0.34664034423667545,D,245,0.1911659061908722,L
1MHP,0.20527795825173598,Q,216,0.14103147834539415,R
1MHP,-0.024942332832415558,A,220,0.1665405198931694,S
1MHP,-0.8812284676956551,Q,220,0.14687503576278688,S
