#PDB,DDG,Mut_AA,Position,RMSD,WT_AA
1XGT,0.06891429486304332,F,248,0.15636007040739058,L
1XGT,1.6821113449586846,I,248,0.16660341620445251,L
1XGT,3.4427281903257607,V,248,0.17279064059257507,L
1XGT,5.786715579918837,A,248,0.19261023104190828,L
