#PDB,DDG,Mut_AA,Position,RMSD,WT_AA
1XGQ,-3.2754816558611766,F,248,0.17945760488510132,V
1XGQ,0.39802103442693804,L,248,0.28266522735357286,V
1XGQ,-0.04601088874560446,I,248,0.1818418137729168,V
1XGQ,1.7498739523209679,A,248,0.1900128334760666,V
