#PDB,DDG,Mut_AA,Position,RMSD,WT_AA
1KIR,-1.7168581894736235,Y,50,0.304573118686676,S
