#PDB,DDG,Mut_AA,Position,RMSD,WT_AA
1NCA,4.977235966697731,Q,637,0.45594304203987124,N
1NCA,-3.5790431267193528,D,706,0.5584923326969147,E
1NCA,5.095009910463,K,707,0.7341291159391403,D
1NCA,5.462099657046679,Q,708,0.43441484570503236,N
