#PDB,DDG,Mut_AA,Position,RMSD,WT_AA
5C6T,2.1055991812367667,S,606,0.4013215690851212,R
5C6T,0.7309264786560107,A,607,0.37279886901378634,S
