#PDB,DDG,Mut_AA,Position,RMSD,WT_AA
2B2X,0.5280308181893543,E,451,0.2128872901201248,Y
2B2X,0.09574877982598991,K,253,0.16502264007925987,E
