#PDB,DDG,Mut_AA,Position,RMSD,WT_AA
1NMB,5.464559614743439,N,554,0.1738708958029747,D
1NMB,3.612528775980036,E,554,0.2380024313926697,D
1NMB,2.063584021832412,A,600,0.2672136425971985,Y
1NMB,0.11813775154405448,F,602,0.24581422805786132,Y
1NMB,2.0950571014404886,F,422,0.2603912889957428,Y
1NMB,0.22147970883524976,F,483,0.3613726019859314,T
1NMB,7.450719558661058,W,483,0.8781985342502594,T
1NMB,-0.02606596581199483,V,484,0.22792570292949677,L
