#PDB,DDG,Mut_AA,Position,RMSD,WT_AA
1KIR,-2.809575083163486,Y,50,0.2965437978506088,S
