#PDB,DDG,Mut_AA,Position,RMSD,WT_AA
1MHP,0.114993611286327,F,285,0.2054496818780899,G
1MHP,-0.019925532014449344,L,285,0.16886847108602523,G
