#PDB,DDG,Mut_AA,Position,RMSD,WT_AA
1JRH,3.598321218093497,A,27,0.3674900412559509,E
1JRH,3.493126519494672,A,28,0.35375229716300965,D
