#PDB,DDG,Mut_AA,Position,RMSD,WT_AA
1KIP,-2.0856736818986064,Y,139,0.23527681976556777,A
