#PDB,DDG,Mut_AA,Position,RMSD,WT_AA
1MLC,-0.12080612844229108,A,186,0.22842955887317656,S
1MLC,-1.5889354499377988,V,186,0.27228349149227143,S
1MLC,0.392522023188576,D,157,0.2023879826068878,T
1MLC,-1.4685186322914887,A,160,0.351295530796051,T
1MLC,-0.3150439753142564,V,160,0.25639133155345917,T
1MLC,-3.1384030596461345,W,160,0.3430894911289215,T
1MLC,-0.19327406800066455,D,187,0.3489352822303772,T
1MLC,0.13716674253446398,G,379,0.28450137078762056,N
1MLC,-1.829877837148615,Y,379,0.29956754148006437,N
1MLC,-0.0647813129201495,A,439,0.2489440321922302,N
