#PDB,DDG,Mut_AA,Position,RMSD,WT_AA
1DQJ,3.5253987416051134,A,161,0.18340083956718445,D
1DQJ,2.719820393466216,A,227,0.2387646406888962,W
1DQJ,5.075163252523543,A,162,0.23692940473556517,Y
1DQJ,2.059272196726215,A,179,0.217542427778244,Y
1DQJ,5.975624492297721,A,182,0.2693256676197052,Y
1DQJ,0.791395231788465,A,370,0.22744159102439881,N
1DQJ,3.282214951875903,A,371,0.24979473650455475,N
1DQJ,-0.0015174945977378229,A,430,0.1790395438671112,S
1DQJ,1.8382921872431326,A,389,0.2062025249004364,Y
1DQJ,0.04443923158823963,A,435,0.24053233861923218,Y
