#PDB,DDG,Mut_AA,Position,RMSD,WT_AA
1KIP,-2.0590318300372927,Y,139,0.2300287276506424,A
