#PDB,DDG,Mut_AA,Position,RMSD,WT_AA
1NMB,5.487831485976221,N,554,0.19435974955558777,D
1NMB,3.449051037928643,E,554,0.23449428528547286,D
