#PDB,DDG,Mut_AA,Position,RMSD,WT_AA
3N85,-0.6732631497053717,F,710,0.23993007242679595,W
3N85,-1.572253805024775,Y,713,0.27573633193969727,W
3N85,-1.9624389309761683,K,865,0.2748842895030975,W
3N85,-0.44376347641086794,R,865,0.26840510964393616,W
3N85,-2.0359063167676594,Y,867,0.3109970062971115,S
3N85,-0.432317546794593,A,867,0.25956896841526034,S
