#PDB,DDG,Mut_AA,Position,RMSD,WT_AA
1DQJ,2.51309705974536,A,161,0.1998046875,D
1DQJ,1.7220467355955862,A,227,0.24826982915401458,W
1DQJ,4.275975238379578,A,162,0.2395804151892662,Y
1DQJ,1.4152458570745012,A,179,0.2501771509647369,Y
1DQJ,4.404739652308035,A,182,0.14209319651126862,Y
1DQJ,-0.6229149656125174,A,370,0.10959762781858444,N
1DQJ,2.550745334380008,A,371,0.10645757764577865,N
1DQJ,-0.419283485267988,A,430,0.07165656611323357,S
1DQJ,1.0659146114847318,A,389,0.15445325374603272,Y
1DQJ,-0.2061155287818565,A,435,0.12275554835796357,Y
1MHP,-0.3235477564440771,W,284,0.1230000589042902,F
1MHP,1.3155640607541954,Y,284,0.13484276980161666,F
1MHP,0.12207236591020773,F,285,0.029488116782158614,G
1MHP,0.8563357443185851,L,285,0.16560432463884353,G
1MHP,-0.7702645217193549,M,285,0.04381945626810193,G
1MHP,0.372461960317014,S,285,0.026574601139873266,G
1MHP,-0.8863546329341261,A,238,0.026508832909166814,G
1MHP,3.740271451171793,N,238,0.1134488746523857,G
1MHP,1.9968103129797783,S,238,0.03300030743703246,G
1MHP,0.7230654796982435,I,239,0.14915446192026138,G
