#PDB,DDG,Mut_AA,Position,RMSD,WT_AA
1MLC,-0.9857526274597603,A,186,0.29577967524528503,S
1MLC,-1.006001829438901,V,186,0.3307056650519371,S
