#PDB,DDG,Mut_AA,Position,RMSD,WT_AA
1C08,0.07040893778421378,F,293,0.2705866813659668,Y
1C08,0.3649153907274922,A,334,0.1912998825311661,S
1C08,-0.09474753500123825,A,336,0.18493788093328475,S
1C08,1.28735151966348,A,274,0.23171132504940034,N
1C08,1.0027782221556436,D,274,0.25097515285015104,N
1C08,2.4859857269874284,A,275,0.2826403766870499,N
1C08,0.8610129044841187,D,275,0.17478302866220474,N
1C08,3.044331553468646,D,335,0.22764959037303925,N
1C08,2.2294044901928145,A,274,0.18111474364995955,N
1C08,0.19106101754850896,D,274,0.29983431100845337,N
1C08,1.4033800627953952,E,274,0.2640714138746262,N
1C08,0.8833127459360867,A,275,0.3734689086675644,N
1C08,2.1436256994253653,A,293,0.2375385969877243,Y
1C08,4.344088444974818,L,293,0.29533379077911376,Y
1C08,0.12201350610998815,F,293,0.190425506234169,Y
1C08,3.74136583285042,A,296,0.2483617514371872,Q
1C08,3.577240921337966,A,339,0.2387709438800812,Y
1C08,0.498365289020353,F,339,0.17132668122649192,Y
1C08,-0.34336259058570706,A,160,0.16156650334596634,S
1C08,0.0011354944715776583,A,161,0.23503573536872863,D
1C08,-1.3018802840972057,N,161,0.21618494838476182,D
1C08,-0.32319328727494395,A,162,0.2835134983062744,Y
1C08,1.5548401496636188,A,179,0.2777166157960892,Y
1C08,0.888758398440882,A,227,0.32605012953281404,W
1C08,0.686785903409168,F,227,0.18034676760435103,W
1C08,-1.5252895884947066,W,182,0.38253545165061953,Y
1C08,-0.5196828865617362,F,182,0.2268479585647583,Y
1C08,0.09393560882417659,L,182,0.3733757108449936,Y
1C08,-0.29513451727198114,A,182,0.2819583088159561,Y
1C08,-0.4661941025555734,W,162,0.531876391172409,Y
1C08,0.44491693355219014,F,162,0.24686335921287536,Y
1C08,0.1866811798691515,L,162,0.2562696605920792,Y
1C08,-0.05956307866192674,F,179,0.2518221616744995,Y
1C08,-0.2424465798672145,L,179,0.28462916016578677,Y
1C08,0.05977050305659759,F,187,0.19321007132530213,Y
1C08,-1.093156185637349,L,187,0.2620566368103027,Y
1C08,-0.7123789740123356,A,187,0.2870550662279129,Y
