#PDB,DDG,Mut_AA,Position,RMSD,WT_AA
1JRH,4.4389026944945496,A,27,0.33624211251735686,E
1JRH,3.8385921182270524,A,28,0.3250941127538681,D
