#PDB,DDG,Mut_AA,Position,RMSD,WT_AA
1VFB,6.348494271443451,A,229,0.26250131130218507,D
1VFB,2.0253682866636153,A,183,0.19350381195545197,D
1VFB,-0.34811162787359534,E,187,0.19122344851493836,D
1VFB,-0.22141264255624266,N,187,0.7628041669726372,D
1VFB,4.693894119840843,A,160,0.2941683143377304,G
1VFB,0.4853066822224264,E,160,0.13675035014748574,G
1VFB,2.4398378072950893,W,160,0.30905198454856875,G
1VFB,-1.5141790875397874,W,228,0.12942687943577766,R
1VFB,-0.7091670844296004,Y,228,0.18687017858028412,R
1VFB,0.19704748788067264,D,157,0.15222608298063278,S
1VFB,1.0207188929780386,E,157,0.15899740159511566,S
1VFB,-0.11942281241190358,N,157,0.1252737633883953,S
1VFB,0.31663280875391137,Q,157,0.19818153083324433,S
1VFB,2.433435482162804,A,181,0.26419687271118164,W
1VFB,3.3085392759714525,A,230,0.2747602492570877,Y
1VFB,-0.1810449077845533,F,230,0.17977040857076645,Y
1VFB,1.6454054212189022,A,161,0.28277278542518614,Y
1VFB,-2.181519490781375,E,161,0.2996740937232971,Y
1VFB,-0.9786617309043322,W,276,0.24989336729049683,N
1VFB,0.2916208117387214,F,297,0.1953084483742714,T
1VFB,-0.5526231755060508,R,298,0.15842120498418807,T
1VFB,5.3275375953001,A,337,0.2167194217443466,W
1VFB,0.05097014783700615,A,277,0.9596932619810105,Y
1VFB,0.3600534169659568,A,295,0.16749528646469117,Y
1VFB,-0.48625158090235343,K,295,0.2205121174454689,Y
1VFB,-0.565874947011298,R,295,0.32847762703895567,Y
