#PDB,DDG,Mut_AA,Position,RMSD,WT_AA
2BDN,-2.4794677028473417,R,309,0.08451647311449051,L
2BDN,-2.0546943106095568,K,309,0.08551134318113326,L
2BDN,0.0,D,310,1.8031406398222317e-06,N
2BDN,-0.07214543898435295,Q,310,0.05053731352090836,N
2BDN,5.896578581439826,E,313,0.0649286076426506,D
2BDN,0.0,K,98,2.06764141239546e-06,Y
2BDN,-0.2701044389740218,R,99,0.05366043746471405,N
2BDN,0.010911195542394125,K,99,0.04832016229629517,N
2BDN,0.7485752511961892,D,121,0.15283123254776002,S
2BDN,0.5756404138687685,E,121,0.09879034459590912,S
2BDN,0.13472757370600447,D,124,0.0898843064904213,T
2BDN,0.0,E,124,2.2118943661553205e-06,T
