#PDB,DDG,Mut_AA,Position,RMSD,WT_AA
1BJ1,0.30557353160984346,A,27,0.2477920800447464,Y
1BJ1,2.904602621164122,A,54,0.36585923433303835,Y
1BJ1,0.16943848849041387,A,59,0.2031984269618988,T
1BJ1,2.7108526595156035,A,99,0.3246076822280884,Y
1BJ1,-0.9910032394431255,A,107,0.3040667474269867,H
1BJ1,1.787944139834508,W,54,0.2651417404413223,Y
1BJ1,0.5134852815601334,D,28,0.1887772873044014,T
1BJ1,1.976435583856528,H,31,0.32619666755199433,N
1BJ1,-3.166584225560109,Y,101,0.24099036157131196,H
1BJ1,-0.1569824285476898,T,105,0.12560372352600097,S
