#PDB,DDG,Mut_AA,Position,RMSD,WT_AA
3G6D,-0.4536064567062567,A,314,0.100907963514328,H
3G6D,5.532058812421565,A,315,0.2178381234407425,W
