#PDB,DDG,Mut_AA,Position,RMSD,WT_AA
1XGQ,-3.1056052173576973,F,248,0.17844907939434052,V
1XGQ,-0.015299140950628499,L,248,0.26943963542580607,V
