#PDB,DDG,Mut_AA,Position,RMSD,WT_AA
1XGR,0.6696996702128581,V,248,0.21524256587028504,I
1XGR,1.5165133054662874,A,248,0.1978084310889244,I
