#PDB,DDG,Mut_AA,Position,RMSD,WT_AA
5C6T,1.4533622501153332,S,606,0.3814331293106079,R
5C6T,-0.7438458645096944,A,607,0.39398318231105806,S
5C6T,-1.1114146349335896,A,672,0.3373343884944916,N
5C6T,0.18217943366544204,A,673,0.4182787358760834,Y
