#PDB,DDG,Mut_AA,Position,RMSD,WT_AA
1N8Z,-0.04693420829516981,A,615,0.23958802223205566,D
1N8Z,0.005684344563997001,A,614,0.28601973950862886,K
1N8Z,-0.047547760361158,A,616,0.278203484416008,T
1N8Z,3.388474473876522,A,617,0.49806209206581115,Y
1N8Z,0.04874437025991938,A,636,0.26629015803337097,Y
1N8Z,0.019441756088417604,N,832,0.26050286591053007,D
