#PDB,DDG,Mut_AA,Position,RMSD,WT_AA
3L5X,-1.714304555777926,A,94,0.46915913224220274,Y
