#PDB,DDG,Mut_AA,Position,RMSD,WT_AA
1KIR,2.501478616592203,Y,50,0.028095025569200516,S
