#PDB,DDG,Mut_AA,Position,RMSD,WT_AA
3GBN,-0.13671057796389902,E,581,0.6852008402347565,D
3GBN,1.4748286509339408,A,565,0.6507144451141358,T
3GBN,-0.17412402212061123,S,584,0.6666929006576539,G
3GBN,-0.09270613563184896,L,611,0.6870017647743225,V
3GBN,-0.014788898261352301,S,582,0.7942286610603333,F
3GBN,0.6612575138426593,N,566,0.5624780356884003,K
