#PDB,DDG,Mut_AA,Position,RMSD,WT_AA
1DVF,2.6283315728538583,A,30,0.26051383912563325,H
1DVF,0.052447020642921414,A,93,0.28865389823913573,S
1DVF,1.219021913733468,A,92,0.26582710444927216,W
1DVF,1.738340950212205,A,32,0.33975597023963927,Y
1DVF,0.867972497638766,A,49,0.4669344425201416,Y
1DVF,1.3012428656982593,A,49,0.33265621215105057,Y
1DVF,10.70702217511016,A,50,0.3189159452915192,Y
1DVF,16.633245033818547,A,207,0.2764337331056595,D
1DVF,3.7488677877599,A,161,0.240679132938385,D
1DVF,2.2814410762974147,A,165,0.187872277200222,D
1DVF,0.205960695748945,A,205,0.24717909693717957,E
1DVF,0.6989695196056346,A,163,0.1950690120458603,N
1DVF,1.314480758339505,A,206,0.31616934537887575,R
1DVF,-1.5713374526573716,A,137,0.21169183552265167,T
1DVF,2.8532018979076383,A,159,0.22438950836658478,W
1DVF,0.24605773938692438,F,208,0.24434921741485596,Y
1DVF,-0.4053292404397325,A,139,0.1518717437982559,Y
1DVF,2.0045584975092425,A,273,0.3045602679252625,Y
1DVF,-7.53324760170226,A,384,0.2510988265275955,D
1DVF,-3.460137994101842,A,365,0.24567012190818788,H
1DVF,-0.5701461458807898,A,362,0.2911104679107666,K
