#PDB,DDG,Mut_AA,Position,RMSD,WT_AA
3G6D,0.0,A,314,1.4795152310398407e-06,H
3G6D,5.270833629695471,A,315,0.10478408485651017,W
