#PDB,DDG,Mut_AA,Position,RMSD,WT_AA
1XGQ,-3.943773517272439,F,248,0.14530329704284667,V
1XGQ,-0.27073997623510876,L,248,0.27733196318149567,V
1XGQ,-0.034102618257293216,I,248,0.15371393039822578,V
1XGQ,2.6182078925959105,A,248,0.18781769573688506,V
