#PDB,DDG,Mut_AA,Position,RMSD,WT_AA
1KIQ,-2.5942968034773,Y,208,0.16354067772626876,F
