#PDB,DDG,Mut_AA,Position,RMSD,WT_AA
4FQY,-0.676316035180298,N,59,1.464653205871582,A
4FQY,-0.6973408045648739,S,77,1.7813739776611328,N
