#PDB,DDG,Mut_AA,Position,RMSD,WT_AA
1XGR,-2.1960603486602848,F,248,0.0632296197116375,I
1XGR,-0.5674166656574016,L,248,0.05721270740032196,I
