#PDB,DDG,Mut_AA,Position,RMSD,WT_AA
1C08,-0.9228227706699726,F,293,0.2058288723230362,Y
1C08,1.3090643172483738,A,334,0.17508387565612793,S
1C08,-0.14272601229326937,A,336,0.20880709514021872,S
1C08,1.9784651384171865,A,274,0.18667520731687545,N
1C08,0.9843887200954328,D,274,0.2623707056045532,N
1C08,3.4072713788356053,A,275,0.23605141043663025,N
1C08,-0.09365734893552827,D,275,0.25974904745817184,N
1C08,2.399298052950269,D,335,0.23622819632291794,N
1C08,1.5917767355759112,A,274,0.21785032898187637,N
1C08,-0.18953008748808314,D,274,0.27020777463912965,N
1C08,2.337968574494994,E,274,0.26735610216856004,N
1C08,3.1281793733553287,A,275,0.23546589612960817,N
1C08,1.361288755296141,A,293,0.21751862168312072,Y
1C08,1.6656116427540497,L,293,0.3679854154586792,Y
1C08,-0.309325741734267,F,293,0.2482903480529785,Y
1C08,4.344932889631946,A,296,0.3393866777420044,Q
1C08,2.292224894556989,A,339,0.3040283590555191,Y
1C08,0.33006823926565404,F,339,0.21304485872387885,Y
1C08,-0.9559966218598561,A,160,0.22542613744735718,S
1C08,-0.0007314045504699607,A,161,0.20691775232553483,D
1C08,-0.26494454876790313,N,161,0.20545845478773117,D
1C08,-0.1958124105912816,A,162,0.2336601734161377,Y
1C08,0.5876580092487643,A,179,0.2550977677106857,Y
1C08,1.0475161426129262,A,227,0.2680828310549259,W
