#PDB,DDG,Mut_AA,Position,RMSD,WT_AA
2B2X,-0.029207869877609483,K,253,0.04301719516515732,E
2B2X,-0.5785204287351917,T,239,0.011112257838249207,V
2B2X,1.4136328135100484,E,451,0.14818356633186341,Y
2B2X,-0.048971653186799816,K,253,0.0405891515314579,E
2B2X,-0.5716529715758952,T,239,0.010904999822378159,V
