#PDB,DDG,Mut_AA,Position,RMSD,WT_AA
1JRH,1.1824115444159269,A,30,0.3467132210731506,Y
1JRH,-0.02111808535050841,A,91,0.24699529096484185,Y
