#PDB,DDG,Mut_AA,Position,RMSD,WT_AA
1YY9,-1.5953543212035584,A,673,0.27051816284656527,N
1YY9,-0.16235408224674758,E,678,0.4239224374294281,T
1YY9,1.132894009021402,A,930,0.32469555735588074,N
1YY9,-0.7879142737156144,D,863,0.4914349943399429,S
1YY9,-0.6769344247195477,E,868,0.36005735397338867,T
