#PDB,DDG,Mut_AA,Position,RMSD,WT_AA
1XGU,2.1668681447769997,L,247,0.21569290846586228,F
1XGU,6.386098605830793,I,247,0.24397475749254227,F
