#PDB,DDG,Mut_AA,Position,RMSD,WT_AA
1DQJ,3.5026393272375116,A,161,0.1904328092932701,D
1DQJ,2.0452196823614486,A,227,0.2487184152007103,W
