#PDB,DDG,Mut_AA,Position,RMSD,WT_AA
1KIP,-2.059553429960533,Y,139,0.22892316490411757,A
