#PDB,DDG,Mut_AA,Position,RMSD,WT_AA
1JRH,4.0186485500316715,A,27,0.3621414664387703,E
1JRH,4.008953787257679,A,28,0.32654407501220706,D
