#PDB,DDG,Mut_AA,Position,RMSD,WT_AA
1NCA,2.3089175892767684,Q,637,0.3569243043661118,N
1NCA,-2.7896004293662147,D,706,0.933153110742569,E
1NCA,5.414956821682415,K,707,0.6812636971473693,D
1NCA,7.704988927972181,Q,708,0.47788457572460175,N
