#PDB,DDG,Mut_AA,Position,RMSD,WT_AA
1XGQ,-0.9684494038616321,F,248,0.19672507047653198,V
1XGQ,1.6352937656956783,L,248,0.25147262811660764,V
1XGQ,0.2589152773061869,I,248,0.16399275362491608,V
1XGQ,2.474896536653341,A,248,0.1770596295595169,V
