#PDB,DDG,Mut_AA,Position,RMSD,WT_AA
1XGQ,-3.743883432329176,F,248,0.1922313830256462,V
1XGQ,0.18982700571496025,L,248,0.24800200521945953,V
