#PDB,DDG,Mut_AA,Position,RMSD,WT_AA
1N8Z,0.693814055590883,A,615,0.36780856251716615,D
1N8Z,-0.032890240700362484,A,614,0.3562563002109528,K
1N8Z,-0.007816948651452549,A,616,0.23069795072078705,T
1N8Z,1.884524111067367,A,617,0.538138484954834,Y
1N8Z,0.10880492298001627,A,636,0.35393542647361753,Y
1N8Z,-0.45617257571357184,N,832,0.2945268630981445,D
1N8Z,3.4245516545375723,N,857,0.33549340069293976,F
1N8Z,-0.08454778500108659,F,895,0.31335545182228086,H
