#PDB,DDG,Mut_AA,Position,RMSD,WT_AA
1XGR,-3.635073733306399,F,248,0.1658606320619583,I
1XGR,-1.0896396163399913,L,248,0.16591142416000365,I
1XGR,1.30029848222066,V,248,0.1982571929693222,I
1XGR,2.2463078758869415,A,248,0.20883050858974456,I
