#PDB,DDG,Mut_AA,Position,RMSD,WT_AA
1VFB,4.302682815862181,A,229,0.3663893103599548,D
1VFB,1.8825429020367666,A,183,0.17682368755340577,D
1VFB,-3.493333520944179,E,187,0.26257326304912565,D
1VFB,-0.8762823792712879,N,187,0.23483967185020446,D
1VFB,2.934850573013364,A,160,0.20473292768001555,G
1VFB,-0.2351674664856091,E,160,0.12146523371338844,G
1VFB,1.412021100714128,W,160,0.21350000202655792,G
1VFB,-1.663537983028391,W,228,0.1394536241889,R
1VFB,-1.9739922587230467,Y,228,0.17034204602241515,R
1VFB,-0.11669960819467633,D,157,0.15927592068910598,S
1VFB,0.35873701050040835,E,157,0.1277404621243477,S
1VFB,0.4432699064044755,N,157,0.13546338826417922,S
1VFB,-1.2081545412616834,Q,157,0.18818379193544388,S
1VFB,5.186345108171372,A,181,0.24655504226684571,W
1VFB,-4.205215487827763,A,230,0.5674077570438385,Y
1VFB,1.3618297177275962,F,230,0.2134795069694519,Y
