#PDB,DDG,Mut_AA,Position,RMSD,WT_AA
3N85,0.5323337980551969,F,710,0.2778572112321854,W
3N85,-1.8608894132913747,Y,713,0.26396638303995135,W
