#PDB,DDG,Mut_AA,Position,RMSD,WT_AA
2BDN,-0.020502628354242915,D,310,0.13087029479444026,N
2BDN,-0.026766325079352102,Q,310,0.17066919758915902,N
