#PDB,DDG,Mut_AA,Position,RMSD,WT_AA
3HFM,-1.1126271444531994,A,246,0.24426842033863067,D
3HFM,0.6556168988126956,N,246,0.27643264532089235,D
3HFM,-0.15627709583386604,A,245,0.1221385769546032,S
3HFM,1.9344906641200397,A,247,0.21072387397289277,Y
3HFM,0.07920946423446366,A,31,0.2954271465539932,N
3HFM,2.453313992668518,D,31,0.20612870454788207,N
3HFM,0.10722842994282474,E,31,0.20484233796596527,N
3HFM,2.4364629385323497,A,32,0.21708531081676483,N
3HFM,1.6348631592041785,A,53,0.20702268779277802,Q
3HFM,-0.09949671941922134,A,50,0.19555628597736358,Y
