#PDB,DDG,Mut_AA,Position,RMSD,WT_AA
1KIQ,-4.117124438825203,Y,208,0.14363545924425125,F
