#PDB,DDG,Mut_AA,Position,RMSD,WT_AA
1YY9,-2.264789675307111,A,673,0.34373307824134824,N
1YY9,-0.3480560070035608,E,678,0.3149601623415947,T
