#PDB,DDG,Mut_AA,Position,RMSD,WT_AA
1C08,-0.17175800645575237,F,293,0.17789244651794434,Y
1C08,1.2669016085568274,A,334,0.2481435567140579,S
1C08,-0.18449413733364964,A,336,0.21958457231521605,S
1C08,1.543021271530756,A,274,0.18290329724550247,N
1C08,0.9844623908877566,D,274,0.27311386466026305,N
1C08,3.857783595616911,A,275,0.23163770139217377,N
1C08,0.12364994059105357,D,275,0.25168792307376864,N
1C08,2.8176130800141665,D,335,0.2105012595653534,N
1C08,1.9481859013464145,A,274,0.2362152248620987,N
1C08,0.5712294565252932,D,274,0.30305036008358,N
1C08,3.55153417960521,E,274,0.25132240951061247,N
1C08,2.4528152325229486,A,275,0.19839598834514618,N
1C08,2.1468392733623203,A,293,0.2283426821231842,Y
1C08,3.407668003133722,L,293,0.3105881094932556,Y
1C08,-0.0560948328892664,F,293,0.23389083445072173,Y
1C08,4.799652257727052,A,296,0.27630176246166227,Q
1C08,0.8242764570053851,A,339,0.3117545902729034,Y
1C08,-0.18888828798073973,F,339,0.16647372245788575,Y
1C08,-0.7646580447091083,A,160,0.17445481568574905,S
1C08,-0.5569867856841938,A,161,0.20223369300365449,D
1C08,0.11918510502052868,N,161,0.18954104781150818,D
1C08,-0.550331670659989,A,162,0.2406747579574585,Y
