#PDB,DDG,Mut_AA,Position,RMSD,WT_AA
3L5X,-0.539147525401313,A,94,0.40097579270601275,Y
