#PDB,DDG,Mut_AA,Position,RMSD,WT_AA
1JRH,3.7315174689815196,A,27,0.1206061750650406,E
1JRH,3.1266730678281873,A,28,0.08907686322927474,D
1JRH,1.2261165363257986,A,30,0.12831804752349854,Y
1JRH,0.023437704070920516,A,91,0.05311693623661995,Y
1JRH,2.6271150994881056,A,92,0.11756791151060497,W
1JRH,-0.25467546215286346,A,93,0.014499411142753615,S
1JRH,3.1295203688483526,A,94,0.06505414620041847,T
1JRH,0.1529858371625096,A,95,0.13904580175876619,W
