#PDB,DDG,Mut_AA,Position,RMSD,WT_AA
1YY9,-1.5157478150793395,A,673,0.44877463579177856,N
1YY9,-1.6345172969769919,E,678,0.43097741305828097,T
1YY9,1.1346729220544147,A,930,0.26223177313804624,N
1YY9,1.4822712174438493,D,863,0.3376918911933899,S
1YY9,-1.429165166736857,E,868,0.3554856479167938,T
