#PDB,DDG,Mut_AA,Position,RMSD,WT_AA
1DVF,1.9342531020520255,A,30,0.24015022665262223,H
1DVF,0.25907180642448113,A,93,0.2771105244755745,S
