#PDB,DDG,Mut_AA,Position,RMSD,WT_AA
3SE8,2.077357882325805,A,387,0.17013947665691376,R
3SE8,1.571679189461065,A,404,0.18038543909788132,W
3SE8,3.6181665612590224,A,407,0.19496287256479264,W
3SE8,2.492457677336142,A,409,0.20865227282047272,K
