#PDB,DDG,Mut_AA,Position,RMSD,WT_AA
1KIP,-1.9114423142436863,Y,139,0.22654418349266053,A
