#PDB,DDG,Mut_AA,Position,RMSD,WT_AA
1C08,-0.11941788056089536,F,293,0.23193555742502212,Y
1C08,0.9774594220397625,A,334,0.21836952313780786,S
1C08,-0.39729046514652966,A,336,0.21317350178956984,S
1C08,1.4920119735368167,A,274,0.22139905229210854,N
