#PDB,DDG,Mut_AA,Position,RMSD,WT_AA
1XGT,-0.9255125988037435,F,248,0.04980129450559616,L
1XGT,3.7575058602891658,I,248,0.062189210951328275,L
1XGT,4.352772259509402,V,248,0.10274548977613449,L
1XGT,5.132944369353663,A,248,0.11038203239440918,L
