#PDB,DDG,Mut_AA,Position,RMSD,WT_AA
1XGT,-0.6534755335074806,F,248,0.14075739979743956,L
1XGT,1.964711834872105,I,248,0.14701889902353288,L
1XGT,4.116371200560479,V,248,0.1973326325416565,L
1XGT,5.7413330115694405,A,248,0.1886131703853607,L
