#PDB,DDG,Mut_AA,Position,RMSD,WT_AA
1KIR,-2.7712912219800727,Y,50,0.2360027849674225,S
