#PDB,DDG,Mut_AA,Position,RMSD,WT_AA
1DQJ,3.488410523788116,A,161,0.2090597093105316,D
1DQJ,1.4331764245151135,A,227,0.2626942843198776,W
1DQJ,4.455758897791202,A,162,0.20734592378139496,Y
1DQJ,1.9792975033066795,A,179,0.2096279352903366,Y
1DQJ,5.281083840464999,A,182,0.24213871061801912,Y
1DQJ,0.876747167083795,A,370,0.19293150007724763,N
1DQJ,3.7850147581541025,A,371,0.2604037672281265,N
1DQJ,-0.17240604988919586,A,430,0.16359988152980803,S
1DQJ,2.0723507942358084,A,389,0.17540499269962312,Y
1DQJ,0.03356837867086142,A,435,0.2255358874797821,Y
