#PDB,DDG,Mut_AA,Position,RMSD,WT_AA
3BDY,0.07099698666110271,A,32,0.218984494805336,D
3BDY,0.17140020238072792,A,103,0.1808755587041378,D
