#PDB,DDG,Mut_AA,Position,RMSD,WT_AA
2B2X,0.08481050703639995,K,253,0.18635503202676773,E
2B2X,-0.9378341230003571,T,239,0.1510005496442318,V
2B2X,0.7018421232130094,E,451,0.1948666751384735,Y
2B2X,0.11387939969490617,K,253,0.15283259749412537,E
2B2X,-1.1169228403736269,T,239,0.12834041118621825,V
