#PDB,DDG,Mut_AA,Position,RMSD,WT_AA
3BDY,0.10918696157459636,A,32,0.22322190999984742,D
3BDY,0.04061314915643379,A,103,0.20045448541641236,D
3BDY,-0.30827346239866527,A,105,0.2023361474275589,F
3BDY,0.019398477209324482,A,101,0.23167422711849212,G
3BDY,0.32622792996062344,A,102,0.1766552597284317,G
3BDY,1.3284734544835373,A,104,0.31587218046188353,G
3BDY,0.16344145567127272,A,31,0.1993528813123703,K
3BDY,0.03774057857663138,A,56,0.1888285309076309,N
3BDY,0.0698300242103869,A,51,0.2494410365819931,R
3BDY,0.9058389414039084,A,60,0.2844160407781601,R
