#PDB,DDG,Mut_AA,Position,RMSD,WT_AA
1VFB,4.52103744602532,A,229,0.1076953023672104,D
1VFB,2.719236498520286,A,183,0.10261415839195251,D
1VFB,-0.1312063874967862,E,187,0.0626692533493042,D
1VFB,-0.08208860468189413,N,187,0.07380764335393905,D
1VFB,0.7069720342009986,A,160,0.02645731084048748,G
1VFB,3.0239911882007164,E,160,0.03199496977031231,G
1VFB,0.25847084741130855,W,160,0.03401619121432305,G
1VFB,0.17466935218949403,W,228,0.0336022824048996,R
