#PDB,DDG,Mut_AA,Position,RMSD,WT_AA
1YY9,-0.6004932305428156,A,673,0.030064627528190613,N
1YY9,-0.014292924751316605,E,678,0.0038563353475183247,T
1YY9,0.5752393298482275,A,930,0.061889391392469406,N
1YY9,-0.004056812634189555,D,863,0.02035084180533886,S
1YY9,-0.05966236217827827,E,868,0.04931463152170181,T
