#PDB,DDG,Mut_AA,Position,RMSD,WT_AA
1NMB,5.4043023629425075,N,554,0.23189880549907685,D
1NMB,2.6835792427538308,E,554,0.2632685512304306,D
1NMB,2.653117101321004,A,600,0.2762186795473099,Y
1NMB,-0.186443053656194,F,602,0.16387972012162208,Y
1NMB,2.289418040563305,F,422,0.2550764501094818,Y
1NMB,-0.3522100495626546,F,483,0.32013298869132994,T
1NMB,-2.532663553276916,W,483,0.4049611270427704,T
1NMB,-0.011523567509357235,V,484,0.21051846146583558,L
