#PDB,DDG,Mut_AA,Position,RMSD,WT_AA
1KIQ,-4.763474134540229,Y,208,0.18727317601442336,F
