#PDB,DDG,Mut_AA,Position,RMSD,WT_AA
4FQY,1.6030959580081798,N,59,1.227271318435669,A
4FQY,0.24288996343493635,S,77,1.078406608104706,N
