#PDB,DDG,Mut_AA,Position,RMSD,WT_AA
1DQJ,3.1782006633241964,A,161,0.19460564106702805,D
1DQJ,1.8104627089052883,A,227,0.22780239582061768,W
1DQJ,4.93625245190542,A,162,0.19607435613870622,Y
1DQJ,2.2274743302853492,A,179,0.19721053391695023,Y
1DQJ,5.781652902319911,A,182,0.2276024416089058,Y
1DQJ,0.7314626373261035,A,370,0.17544980570673943,N
1DQJ,3.2993686704156517,A,371,0.2487701177597046,N
1DQJ,0.27791482487364194,A,430,0.17454899698495865,S
1DQJ,1.764066100400123,A,389,0.21690583378076553,Y
1DQJ,-1.43963615830462,A,435,0.19391851276159286,Y
