#PDB,DDG,Mut_AA,Position,RMSD,WT_AA
1MHP,1.5949120455539743,W,284,0.20779245644807814,F
1MHP,1.5755805880939988,Y,284,0.20804306864738464,F
