#PDB,DDG,Mut_AA,Position,RMSD,WT_AA
3SE8,1.952685630470296,A,387,0.17428649067878724,R
3SE8,1.5922433085477679,A,404,0.15170199871063234,W
3SE8,3.6573363343444725,A,407,0.21000737249851226,W
3SE8,2.3736685122365087,A,409,0.20218702852725984,K
3SE8,1.7122552208741582,A,411,0.16215752214193344,L
3SE8,5.304890652217,A,412,0.20360269248485566,W
3SE8,0.6796043205978094,A,413,0.1665547549724579,G
3SE8,2.5433549646868414,A,415,0.15717513710260392,V
