#PDB,DDG,Mut_AA,Position,RMSD,WT_AA
3BDY,-0.42552363206646077,A,105,0.19251020058989524,F
3BDY,0.03573183001112738,A,101,0.2532580062747002,G
