#PDB,DDG,Mut_AA,Position,RMSD,WT_AA
3BDY,0.014321260413998971,A,32,0.21324722468852997,D
3BDY,0.12695488962344825,A,103,0.17134485244750977,D
3BDY,-0.4530851345251904,A,105,0.18820303678512573,F
3BDY,-0.026778898966495036,A,101,0.26147564947605134,G
3BDY,0.2662064283998916,A,102,0.18795354664325714,G
3BDY,0.5179566635894843,A,104,0.22414402961730956,G
3BDY,-0.06873639141649619,A,31,0.21412188708782195,K
3BDY,0.1352823706952222,A,56,0.2305281102657318,N
3BDY,-0.04721219672310326,A,51,0.2689456433057785,R
3BDY,0.43225542426125685,A,60,0.2921676576137543,R
3BDY,0.4490649337171817,A,33,0.20088113248348236,T
3BDY,0.02817433933951179,A,55,0.19632382690906525,T
3BDY,2.1011096251707384,A,100,0.2544028162956238,W
3BDY,8.018149227430786,A,106,0.2539581447839737,Y
3BDY,0.9924857970961967,A,34,0.33393471837043764,Y
3BDY,-0.11128992112626293,A,53,0.22856399714946746,Y
3BDY,0.03434300733888449,A,58,0.1591591715812683,Y
3BDY,-0.12004625207009667,A,251,0.22336122691631316,G
3BDY,0.10614513379869095,A,271,0.15955498814582825,G
3BDY,0.9624252190934385,A,311,0.1742131307721138,H
