#PDB,DDG,Mut_AA,Position,RMSD,WT_AA
3L5X,-2.4434413009096714,A,94,0.3698062479496002,Y
