#PDB,DDG,Mut_AA,Position,RMSD,WT_AA
1XGT,3.972899181316916,V,248,0.1836285588145256,L
1XGT,5.455843067203732,A,248,0.1865484097599983,L
