#PDB,DDG,Mut_AA,Position,RMSD,WT_AA
1BJ1,-0.7517394146323113,A,27,0.24828196167945862,Y
1BJ1,4.70595538184075,A,54,0.4367749601602554,Y
