#PDB,DDG,Mut_AA,Position,RMSD,WT_AA
3G6D,0.06589285158210259,A,314,0.13547362841665744,H
3G6D,5.844169507289443,A,315,0.2186531537771225,W
