#PDB,DDG,Mut_AA,Position,RMSD,WT_AA
5C6T,2.799765460103117,S,606,0.4100360333919525,R
5C6T,-0.2012778593837538,A,607,0.4073872745037079,S
5C6T,-3.130264554027417,A,672,0.3706167280673981,N
5C6T,-1.1701014248516912,A,673,0.3726781338453293,Y
