#PDB,DDG,Mut_AA,Position,RMSD,WT_AA
3BE1,-0.11819786381720405,A,616,0.37252658903598784,D
3BE1,-0.2211849769577384,A,687,0.3734594702720642,D
3BE1,-0.4335047547486283,A,689,0.3701622724533081,F
3BE1,0.21614280906569547,A,685,0.49712246656417847,G
