#PDB,DDG,Mut_AA,Position,RMSD,WT_AA
3N85,-0.927587406819589,F,710,0.23848884403705597,W
3N85,-1.7480662033378849,Y,713,0.29904424250125883,W
