#PDB,DDG,Mut_AA,Position,RMSD,WT_AA
3SE8,2.2153613158436203,A,387,0.1659306287765503,R
3SE8,1.6658143354161439,A,404,0.15853244066238403,W
3SE8,3.4876675275619164,A,407,0.23933278322219848,W
3SE8,2.325521876666426,A,409,0.18999248147010803,K
3SE8,1.6128367473842444,A,411,0.15429535061120986,L
3SE8,5.388878374122851,A,412,0.2299169957637787,W
