#PDB,DDG,Mut_AA,Position,RMSD,WT_AA
2BDN,-2.140601443385367,R,309,0.2344031110405922,L
2BDN,-3.768833844967321,K,309,0.1792778417468071,L
2BDN,0.6047251099638743,D,310,0.1653566278517246,N
2BDN,-0.04633914130254198,Q,310,0.20375137329101561,N
2BDN,1.5526339911875766,E,313,0.16293953359127045,D
2BDN,0.43680754599363353,K,98,0.18441876024007797,Y
2BDN,-0.12989695043579558,R,99,0.16971731334924697,N
2BDN,0.14155185044764948,K,99,0.19063555747270583,N
2BDN,0.8381277209404289,D,121,0.20864748060703278,S
2BDN,0.2155792169482993,E,121,0.1566507786512375,S
2BDN,2.0683598515159245,D,124,0.262076136469841,T
2BDN,-0.11375069280729803,E,124,0.14669355154037475,T
