#PDB,DDG,Mut_AA,Position,RMSD,WT_AA
2B2X,0.12924269228051344,K,253,0.12502106428146362,E
2B2X,-1.1130101468647808,T,239,0.17318897396326066,V
2B2X,0.47721021250645207,E,451,0.2045442283153534,Y
2B2X,0.262630159060609,K,253,0.17044641077518463,E
2B2X,-0.9505904113798351,T,239,0.15665029883384704,V
