#PDB,DDG,Mut_AA,Position,RMSD,WT_AA
1NCA,4.392743579537819,Q,637,0.5428423196077347,N
1NCA,-3.0206314021691014,D,706,0.7767199099063873,E
1NCA,5.232507788113549,K,707,0.31426467597484586,D
1NCA,7.9206501994818606,Q,708,0.893009489774704,N
