#PDB,DDG,Mut_AA,Position,RMSD,WT_AA
3GBN,0.5933817595216511,E,581,0.6385224342346192,D
3GBN,-0.0958594486421589,A,565,0.7048750877380371,T
3GBN,-0.10511100843209534,S,584,0.7940538048744201,G
3GBN,-0.11968725716909034,L,611,0.6347262263298035,V
