#PDB,DDG,Mut_AA,Position,RMSD,WT_AA
1XGR,-3.5405740370737475,F,248,0.1731157809495926,I
1XGR,-1.1254107873826797,L,248,0.18314603716135025,I
1XGR,0.7744603146998088,V,248,0.2432852029800415,I
1XGR,1.5993521493664957,A,248,0.20010833740234374,I
