#PDB,DDG,Mut_AA,Position,RMSD,WT_AA
1XGU,0.9636688608336044,L,247,0.1874476194381714,F
1XGU,7.1564612652753565,I,247,0.24438622891902922,F
1XGU,3.4464930821267443,V,247,0.208629310131073,F
1XGU,5.138798899791072,A,247,0.1837933912873268,F
