#PDB,DDG,Mut_AA,Position,RMSD,WT_AA
1XGU,1.9251936792597006,L,247,0.2287110537290573,F
1XGU,5.049024699267465,I,247,0.25594569444656373,F
1XGU,4.125256934024219,V,247,0.22574298083782196,F
1XGU,5.958685016563959,A,247,0.1986042231321335,F
