#PDB,DDG,Mut_AA,Position,RMSD,WT_AA
1KIR,-2.8897671348881113,Y,50,0.2934376110136509,S
