#PDB,DDG,Mut_AA,Position,RMSD,WT_AA
1XGQ,-2.8012127203768613,F,248,0.19765678644180298,V
1XGQ,-1.162569219873967,L,248,0.2631524622440338,V
1XGQ,0.16006011796707753,I,248,0.21771955490112305,V
1XGQ,2.1473426225956245,A,248,0.20860758423805237,V
