#PDB,DDG,Mut_AA,Position,RMSD,WT_AA
1BJ1,0.29495900296429683,A,59,0.2695674604177475,T
1BJ1,2.9544510025566435,A,99,0.3584483441710472,Y
