#PDB,DDG,Mut_AA,Position,RMSD,WT_AA
2BDN,-2.720094762246035,R,309,0.19560290902853011,L
2BDN,-4.316158557790768,K,309,0.19431463360786438,L
