#PDB,DDG,Mut_AA,Position,RMSD,WT_AA
1DQJ,3.227206272956755,A,161,0.23798616528511046,D
1DQJ,3.0387778650258044,A,227,0.24960278570652009,W
1DQJ,4.961048614822834,A,162,0.24671308547258378,Y
1DQJ,1.0431936519788905,A,179,0.2324407234787941,Y
1DQJ,4.025575320254984,A,182,0.13987817540764808,Y
1DQJ,-0.8820528267261579,A,370,0.10815222263336181,N
1DQJ,2.6943467489173143,A,371,0.1102836012840271,N
1DQJ,0.11263627402558996,A,430,0.07592845223844051,S
1DQJ,0.7448473595306041,A,389,0.13464562520384787,Y
1DQJ,-0.3454313702080526,A,435,0.12348267287015915,Y
1MHP,0.09643191732820924,W,284,0.10777296870946884,F
1MHP,0.1926819477873778,Y,284,0.13633876591920852,F
1MHP,0.2681152074856527,F,285,0.03082648469135165,G
1MHP,2.521221334494885,L,285,0.14449078366160392,G
1MHP,-1.2856390729044507,M,285,0.037602418940514325,G
1MHP,-0.4684944819202883,S,285,0.06647150870412588,G
1MHP,-0.8629857406113388,A,238,0.032994745206087826,G
1MHP,4.5747228601924235,N,238,0.09266212228685618,G
1MHP,2.451030340616626,S,238,0.04772298214957118,G
1MHP,0.36587154051144355,I,239,0.14663163125514983,G
