#PDB,DDG,Mut_AA,Position,RMSD,WT_AA
2BDN,-3.0586777194411296,R,309,0.15465331226587295,L
2BDN,-5.0577818584477425,K,309,0.21947495490312577,L
2BDN,0.4398642386020583,D,310,0.18300194889307023,N
2BDN,0.17098870221188917,Q,310,0.17922251373529435,N
2BDN,1.9763694228386157,E,313,0.13544733375310897,D
2BDN,0.11529065323375107,K,98,0.17361859381198883,Y
2BDN,-0.08498222660973624,R,99,0.14008126258850098,N
2BDN,0.07492200760807463,K,99,0.2296763151884079,N
2BDN,0.42584857820856997,D,121,0.22736573219299316,S
2BDN,0.5807601601587521,E,121,0.2174897313117981,S
2BDN,3.389778408132861,D,124,0.24843417704105378,T
2BDN,0.1694457062571928,E,124,0.15613494366407393,T
