#PDB,DDG,Mut_AA,Position,RMSD,WT_AA
1DVF,1.987204289579131,A,30,0.2390037178993225,H
1DVF,-0.7145632135135201,A,93,0.25511843860149386,S
1DVF,0.9420158362601796,A,92,0.2636223167181015,W
1DVF,0.5479220645862369,A,32,0.34054567515850065,Y
1DVF,0.8639899370927197,A,49,0.33020347356796265,Y
1DVF,-1.1829487858850372,A,49,0.32837437093257904,Y
1DVF,9.826149103185799,A,50,0.3691696643829346,Y
1DVF,16.162135934020988,A,207,0.24399011731147766,D
1DVF,3.27288425911338,A,161,0.2710854381322861,D
1DVF,2.040631513549852,A,165,0.22866508662700652,D
1DVF,0.47730191322471,A,205,0.23644969165325164,E
1DVF,-0.26484914313505215,A,163,0.14250139743089676,N
