#PDB,DDG,Mut_AA,Position,RMSD,WT_AA
1XGQ,-2.6220547290222385,F,248,0.06033803448081017,V
1XGQ,1.1409376144250927,L,248,0.07706719487905503,V
1XGQ,0.0,I,248,1.026216898480925e-06,V
1XGQ,1.5113909568141026,A,248,0.07979851812124253,V
