#PDB,DDG,Mut_AA,Position,RMSD,WT_AA
2B2X,0.009245156885144752,K,253,0.18984261855483056,E
2B2X,-0.9261012053046579,T,239,0.1694855884462595,V
