#PDB,DDG,Mut_AA,Position,RMSD,WT_AA
1BJ1,0.46275241918254323,A,27,0.23669703483581542,Y
1BJ1,4.769899004270147,A,54,0.40454331040382385,Y
