#PDB,DDG,Mut_AA,Position,RMSD,WT_AA
1XGR,-3.799550408513869,F,248,0.19402057975530623,I
1XGR,-2.2999157901131637,L,248,0.2047467641532421,I
1XGR,1.2026861724777518,V,248,0.20487718135118485,I
1XGR,1.8478920174141422,A,248,0.2091806173324585,I
