#PDB,DDG,Mut_AA,Position,RMSD,WT_AA
1NMB,5.185258770791052,N,554,0.21281684041023255,D
1NMB,4.078339820030896,E,554,0.26291007548570633,D
1NMB,2.6844211992863167,A,600,0.21676207184791565,Y
1NMB,-0.2662758157809094,F,602,0.1754933089017868,Y
1NMB,2.1680890713117607,F,422,0.24149666875600814,Y
1NMB,-0.4398791128848643,F,483,0.3491427183151245,T
