#PDB,DDG,Mut_AA,Position,RMSD,WT_AA
3BN9,3.7083398123906592,V,352,0.07490968257188797,Q
3BN9,3.0337908493516808,G,277,0.06292844414710999,S
3BN9,4.372836435856698,N,277,0.032838086038827895,S
3BN9,1.5394615679550951,R,275,0.039831545948982236,T
3BN9,0.16423099998164617,Q,349,0.04651937410235405,T
3BN9,-1.1788819675553897,R,349,0.03703876961837978,T
3BN9,4.915971350695054,S,350,0.11218568980693817,Y
