#PDB,DDG,Mut_AA,Position,RMSD,WT_AA
3GBN,-0.9032799562195948,E,581,0.5158610582351685,D
3GBN,1.1863670678679668,A,565,0.6534374862909317,T
