#PDB,DDG,Mut_AA,Position,RMSD,WT_AA
1DVF,2.15671102249521,A,30,0.25161089897155764,H
1DVF,-0.8335116059570282,A,93,0.2648144170641899,S
1DVF,1.5770187089459342,A,92,0.2632263138890266,W
1DVF,0.7517670938778338,A,32,0.30278277546167376,Y
1DVF,-0.3166160760268667,A,49,0.3585558146238327,Y
1DVF,0.3397566433800421,A,49,0.32187405228614807,Y
1DVF,9.984565219105207,A,50,0.351976478099823,Y
1DVF,16.31710931310272,A,207,0.3031515568494797,D
1DVF,4.252128419502969,A,161,0.2228369563817978,D
1DVF,3.029825307628016,A,165,0.22234728038311005,D
1DVF,0.9494451753560498,A,205,0.22820306569337845,E
1DVF,-0.3139834083890037,A,163,0.16189604848623276,N
