#PDB,DDG,Mut_AA,Position,RMSD,WT_AA
3HFM,2.0532205413584053,A,246,0.2558464929461479,D
3HFM,1.455431009968288,N,246,0.2711182817816734,D
3HFM,1.093510307244196,A,245,0.19129349738359452,S
3HFM,1.9518043553403914,A,247,0.23877922296524048,Y
3HFM,-0.23624090823109328,A,31,0.24839854389429092,N
3HFM,1.068461191868164,D,31,0.20229430943727494,N
3HFM,2.157088813018936,E,31,0.2405011013150215,N
3HFM,3.362080772293075,A,32,0.25485378205776216,N
3HFM,0.9609206119515875,A,53,0.2070024847984314,Q
3HFM,-0.6647627785001078,A,50,0.23767763674259185,Y
