#PDB,DDG,Mut_AA,Position,RMSD,WT_AA
1DQJ,3.1689629082990907,A,161,0.23945978581905364,D
1DQJ,1.78733773402746,A,227,0.20752144157886504,W
1DQJ,4.623495461749189,A,162,0.25818885266780855,Y
1DQJ,1.365394487435151,A,179,0.23399161100387572,Y
1DQJ,5.603765428900715,A,182,0.2517045557498932,Y
1DQJ,0.30172093561222935,A,370,0.1744631439447403,N
1DQJ,3.720164078772359,A,371,0.247080197930336,N
1DQJ,0.4485631523503798,A,430,0.262090465426445,S
1DQJ,2.2910271269785882,A,389,0.21466304659843444,Y
1DQJ,-0.10480561561325885,A,435,0.20736486613750457,Y
