#PDB,DDG,Mut_AA,Position,RMSD,WT_AA
1MLC,0.011224662313634327,D,157,0.24358341328799724,T
1MLC,0.6142970772946228,A,160,0.27109825432300566,T
