#PDB,DDG,Mut_AA,Position,RMSD,WT_AA
1YY9,-1.294182435993389,A,673,0.4067146122455597,N
1YY9,1.3720224208742366,E,678,0.4325731247663498,T
1YY9,2.287569160939165,A,930,0.5100812464952469,N
1YY9,-0.39012837101327025,D,863,0.24356397092342377,S
1YY9,-0.8096449367410969,E,868,0.34964081943035125,T
