#PDB,DDG,Mut_AA,Position,RMSD,WT_AA
3BDY,0.34817981513770063,A,32,0.24726877808570863,D
3BDY,0.054883690571477926,A,103,0.19922393262386323,D
3BDY,-0.5171088004824014,A,105,0.156852063536644,F
3BDY,-0.3003509676338581,A,101,0.24784848988056182,G
3BDY,0.31530596669945227,A,102,0.16700293719768525,G
3BDY,0.7181982333359883,A,104,0.20754627883434296,G
3BDY,0.006858183838630794,A,31,0.2099174439907074,K
3BDY,0.18944665092813012,A,56,0.24191834032535553,N
3BDY,0.11532107197672303,A,51,0.2819033920764923,R
3BDY,1.0038279335439255,A,60,0.2712311625480652,R
3BDY,0.4804828418617035,A,33,0.2286579579114914,T
3BDY,0.03956803266064526,A,55,0.17669468820095063,T
3BDY,2.2119218473942963,A,100,0.26310533881187437,W
3BDY,7.748859573451864,A,106,0.22956693172454834,Y
3BDY,0.9048922220390523,A,34,0.33292255401611326,Y
3BDY,0.3127578453606475,A,53,0.2252606689929962,Y
3BDY,0.5873124319698035,A,58,0.22345132529735565,Y
3BDY,-0.16285168488302587,A,251,0.2210138976573944,G
3BDY,0.22625253262003753,A,271,0.16669510900974274,G
3BDY,0.7487318581428554,A,311,0.14137619137763976,H
