#PDB,DDG,Mut_AA,Position,RMSD,WT_AA
3G6D,0.00065935711804741,A,314,0.14514569342136383,H
3G6D,5.884928514016883,A,315,0.22908665388822555,W
