#PDB,DDG,Mut_AA,Position,RMSD,WT_AA
1KIP,-2.2054557198872318,Y,139,0.23154966831207274,A
