#PDB,DDG,Mut_AA,Position,RMSD,WT_AA
3HFM,2.0694317998224507,A,246,0.23532540500164031,D
3HFM,1.2901791367648912,N,246,0.23555934727191924,D
3HFM,-0.20217707104620786,A,245,0.1987943321466446,S
3HFM,1.4524973310526548,A,247,0.22701209485530854,Y
3HFM,0.3187065783326034,A,31,0.24245962202548982,N
3HFM,0.8165883308164666,D,31,0.17058036625385284,N
3HFM,2.3605720839518654,E,31,0.2414950281381607,N
3HFM,3.7100044607410383,A,32,0.23954735696315765,N
3HFM,2.509258058322575,A,53,0.2538819581270218,Q
3HFM,-0.698170260067036,A,50,0.20356314033269882,Y
3HFM,-0.7090843542445328,F,50,0.18682534098625184,Y
3HFM,2.8793002395183067,L,50,0.2531624436378479,Y
3HFM,0.801512440663737,A,96,0.216513991355896,Y
3HFM,-5.610876699185155,F,96,0.24479965567588807,Y
