#PDB,DDG,Mut_AA,Position,RMSD,WT_AA
5C6T,1.8829158351499244,S,606,0.3694648206233978,R
5C6T,-0.04523373015126708,A,607,0.4158056527376175,S
5C6T,-0.34113037395391077,A,672,0.34349353313446046,N
5C6T,-1.797284426841634,A,673,0.3600782811641693,Y
