#PDB,DDG,Mut_AA,Position,RMSD,WT_AA
1KIQ,-3.9090778326760756,Y,208,0.16752309054136277,F
