#PDB,DDG,Mut_AA,Position,RMSD,WT_AA
1NMB,5.4929545554901775,N,554,0.2081257164478302,D
1NMB,3.7479482018155976,E,554,0.21550482511520386,D
1NMB,2.635519788256579,A,600,0.24028566479682922,Y
1NMB,0.06962034281664273,F,602,0.18989820182323455,Y
1NMB,2.1226682032337068,F,422,0.22443664968013763,Y
1NMB,1.3284198015190214,F,483,0.39106101393699644,T
