#PDB,DDG,Mut_AA,Position,RMSD,WT_AA
1XGT,-0.204795217309038,F,248,0.16883136034011842,L
1XGT,2.4205256290601938,I,248,0.17936742007732392,L
1XGT,3.817526870371421,V,248,0.21421654522418976,L
1XGT,5.543467862790112,A,248,0.21515297889709473,L
