#PDB,DDG,Mut_AA,Position,RMSD,WT_AA
3N85,-0.8887169745488791,F,710,0.2644053757190704,W
3N85,-1.500168659093515,Y,713,0.34619280099868777,W
3N85,-2.254949503517037,K,865,0.25835473239421847,W
3N85,-0.6521668722214145,R,865,0.21134769022464753,W
