#PDB,DDG,Mut_AA,Position,RMSD,WT_AA
1BJ1,-0.020483539121141803,A,27,0.1251680076122284,Y
1BJ1,1.3656321692973052,A,54,0.12027250230312347,Y
1BJ1,0.23963658560178375,A,59,0.07294106334447861,T
1BJ1,1.3358908492303272,A,99,0.1303124397993088,Y
1BJ1,-0.2064430158050527,A,107,0.12512196153402327,H
1BJ1,0.10929140086600456,W,54,0.08633325397968292,Y
