#PDB,DDG,Mut_AA,Position,RMSD,WT_AA
1BJ1,0.18205125687982218,A,27,0.2564935743808746,Y
1BJ1,4.486062896192107,A,54,0.44366821348667146,Y
1BJ1,-0.12413032963804653,A,59,0.23001345992088318,T
1BJ1,2.503675914697942,A,99,0.3045739620923996,Y
1BJ1,0.08936070240306435,A,107,0.1858845204114914,H
1BJ1,3.3048711654407272,W,54,0.32994858622550965,Y
1BJ1,-0.665555001339726,D,28,0.19408416748046875,T
1BJ1,0.3379243626312018,H,31,0.19681147634983062,N
1BJ1,-2.9355510693197173,Y,101,0.25937504768371583,H
1BJ1,-0.1962888251095137,T,105,0.1991152673959732,S
