#PDB,DDG,Mut_AA,Position,RMSD,WT_AA
1MLC,-0.25941688534321655,A,186,0.24445644915103912,S
1MLC,-2.07252492754169,V,186,0.3065545424818993,S
1MLC,0.32779707185945883,D,157,0.3092434585094452,T
1MLC,-0.3748697436738439,A,160,0.3034051522612572,T
1MLC,-0.026801575261788457,V,160,0.24744239300489426,T
1MLC,-3.0015290524599094,W,160,0.3497877404093742,T
1MLC,0.10883818801798953,D,187,0.2784102723002434,T
1MLC,0.1996176396210103,G,379,0.2298892021179199,N
1MLC,-2.238169585483547,Y,379,0.31904272735118866,N
1MLC,-0.24684655830469637,A,439,0.27074784636497495,N
