#PDB,DDG,Mut_AA,Position,RMSD,WT_AA
1XGT,0.13562834374647537,F,248,0.1613182432949543,L
1XGT,2.4249053214913148,I,248,0.17768536284565925,L
1XGT,3.8413980533520315,V,248,0.1636714980006218,L
1XGT,5.446605806272828,A,248,0.18001596182584761,L
