#PDB,DDG,Mut_AA,Position,RMSD,WT_AA
1XGQ,-3.4158740714706255,F,248,0.18367135226726533,V
1XGQ,-1.3698835132303429,L,248,0.2592084318399429,V
1XGQ,0.21513810549458867,I,248,0.10430577993392945,V
1XGQ,1.819681752307679,A,248,0.24352071285247803,V
