#PDB,DDG,Mut_AA,Position,RMSD,WT_AA
1NCA,2.128764129979186,Q,637,0.45124407932162286,N
1NCA,-3.3188221299950214,D,706,0.6899221539497375,E
