#PDB,DDG,Mut_AA,Position,RMSD,WT_AA
2BDN,-2.574869361332321,R,309,0.17398157417774202,L
2BDN,-3.746727692138029,K,309,0.2041698321700096,L
2BDN,0.8603642019457766,D,310,0.17388356551527978,N
2BDN,-0.22741395429698058,Q,310,0.15518983229994773,N
2BDN,0.8782273537688979,E,313,0.1453703097999096,D
2BDN,0.32084465876764623,K,98,0.22154268398880958,Y
2BDN,-0.0007540529793914174,R,99,0.17961196526885032,N
2BDN,0.18237892483871293,K,99,0.18896294012665749,N
2BDN,1.0060448513794653,D,121,0.223970465362072,S
2BDN,0.5438036774843112,E,121,0.18089091628789902,S
2BDN,2.546269940034199,D,124,0.25580728948116305,T
2BDN,-0.12409493293157539,E,124,0.16743060983717442,T
