#PDB,DDG,Mut_AA,Position,RMSD,WT_AA
1N8Z,-0.060624623502280886,A,615,0.3141892418265343,D
1N8Z,-0.029743019968918816,A,614,0.25578942745923994,K
1N8Z,-0.11667343034159786,A,616,0.2702382102608681,T
1N8Z,3.2372044818004726,A,617,0.5697822004556656,Y
