#PDB,DDG,Mut_AA,Position,RMSD,WT_AA
3BN9,2.354258285694459,V,352,0.5620133936405182,Q
3BN9,2.6240684564366803,G,277,0.3202264755964279,S
3BN9,2.6075733003530788,N,277,0.33409822881221773,S
3BN9,0.4609305763077828,R,275,0.27331250309944155,T
3BN9,1.2874752698448446,Q,349,0.3100348085165024,T
3BN9,-0.42633452806430794,R,349,0.2265292227268219,T
3BN9,3.6086245074119234,S,350,0.28191404044628143,Y
