#PDB,DDG,Mut_AA,Position,RMSD,WT_AA
1JRH,4.504782828022826,A,27,0.318968677520752,E
1JRH,3.96557532939496,A,28,0.3349243521690369,D
1JRH,0.8644519534226675,A,30,0.3557244002819061,Y
1JRH,-0.06095913281315006,A,91,0.3282852232456207,Y
1JRH,-0.461918468346812,A,92,0.26319835931062696,W
1JRH,0.5472872783275762,A,93,0.21807970851659775,S
1JRH,-1.060395293116835,A,94,0.20010788440704347,T
1JRH,0.5657947723188045,A,95,0.3634931743144989,W
1JRH,1.2172635789256219,A,199,0.3363852322101593,Y
1JRH,2.2655777543063778,A,221,0.3020260989665985,W
1JRH,1.4132362709244717,A,222,0.4016928404569626,W
1JRH,5.110820451458949,A,223,0.2890495777130127,D
1JRH,-0.42102093384428374,A,224,0.2596887230873108,D
1JRH,3.1808153917340407,A,225,0.3333205431699753,D
1JRH,1.0932658473021548,A,227,0.32944032549858093,Y
1JRH,0.44654221873070127,A,267,0.23563069403171538,R
1JRH,-0.27020532089518384,A,270,0.2562356352806091,F
1JRH,3.9416833811716514,A,271,0.2961287349462509,Y
1JRH,-0.22243478035761655,A,274,0.2089617908000946,H
