#PDB,DDG,Mut_AA,Position,RMSD,WT_AA
3L5X,0.11637786681335456,A,94,0.00838910990801196,Y
