#PDB,DDG,Mut_AA,Position,RMSD,WT_AA
1XGP,-3.2794742681971,F,248,0.26752873659133913,A
1XGP,-4.333149507622875,L,248,0.22557035237550735,A
1XGP,-2.1335642017124883,I,248,0.29582613706588745,A
1XGP,-2.142512964218349,V,248,0.25090791583061217,A
