#PDB,DDG,Mut_AA,Position,RMSD,WT_AA
1NMB,5.011893534838691,N,554,0.20001720264554024,D
1NMB,4.837661176127403,E,554,0.22215209007263184,D
1NMB,2.2369718257674323,A,600,0.21662011742591858,Y
1NMB,0.05461385786361461,F,602,0.23565209954977034,Y
1NMB,2.289303837463149,F,422,0.18694853782653809,Y
1NMB,0.08552586967052775,F,483,0.366035595536232,T
1NMB,0.0701930534488838,W,483,0.46820945739746095,T
1NMB,0.3348906817981515,V,484,0.18228635489940642,L
