#PDB,DDG,Mut_AA,Position,RMSD,WT_AA
1C08,-0.2810486780972042,F,293,0.11648262739181518,Y
1C08,0.4280637083140391,A,334,0.0772292137145996,S
1C08,-0.2918912888174418,A,336,0.11183893233537674,S
1C08,1.8322492136766413,A,274,0.08949140310287476,N
1C08,0.15254654966111048,D,274,0.06471027880907058,N
1C08,2.3570519136067105,A,275,0.09499877989292145,N
1C08,-0.19602802374943168,D,275,0.08979612961411476,N
1C08,3.512689341381565,D,335,0.03253443166613579,N
1C08,1.732879985513455,A,274,0.08984312266111374,N
1C08,0.07223646966908745,D,274,0.06526813358068466,N
1C08,3.2292070204419816,E,274,0.07012996822595596,N
1C08,1.9575733289960227,A,275,0.09516017884016037,N
1C08,1.8345275574023163,A,293,0.14995602071285247,Y
1C08,2.8689001213774645,L,293,0.2094788134098053,Y
1C08,-0.1767702793683384,F,293,0.11651367545127869,Y
1C08,4.7679702276434,A,296,0.1220069706439972,Q
1C08,3.425850897674627,A,339,0.16468849778175354,Y
1C08,0.11627748726482423,F,339,0.02365577016446423,Y
