#PDB,DDG,Mut_AA,Position,RMSD,WT_AA
3HFM,-0.09532211901273513,A,246,0.23800228983163835,D
3HFM,1.3004895665428648,N,246,0.2286907196044922,D
