#PDB,DDG,Mut_AA,Position,RMSD,WT_AA
1KIR,-2.08468044994022,Y,50,0.282893905043602,S
