#PDB,DDG,Mut_AA,Position,RMSD,WT_AA
3GBN,0.17688130242146655,E,581,0.5838463783264161,D
3GBN,1.9484558410665642,A,565,0.6120432674884796,T
