#PDB,DDG,Mut_AA,Position,RMSD,WT_AA
1XGP,-2.692548218732036,I,248,0.32453764021396636,A
1XGP,-1.60950535320354,V,248,0.3155763566493988,A
