#PDB,DDG,Mut_AA,Position,RMSD,WT_AA
1XGR,-3.3979951759314644,F,248,0.15669126212596893,I
1XGR,-0.9804611033573565,L,248,0.18937452733516694,I
1XGR,0.7507801541437402,V,248,0.2521001994609833,I
1XGR,1.5966217688734106,A,248,0.18377503752708435,I
