#PDB,DDG,Mut_AA,Position,RMSD,WT_AA
3NGB,2.4357620470816075,G,416,0.0599060095846653,A
3NGB,1.264407714437675,S,414,0.016367920488119126,G
3NGB,0.7857619746440833,T,389,0.051707669347524646,I
3NGB,0.1780690302554831,N,411,0.007957812026143074,K
