#PDB,DDG,Mut_AA,Position,RMSD,WT_AA
1DVF,1.7546391371547452,A,92,0.2690791696310043,W
1DVF,0.4315428914309632,A,32,0.3266912478208542,Y
