#PDB,DDG,Mut_AA,Position,RMSD,WT_AA
1XGP,-2.121144384199397,F,248,0.2726831197738647,A
1XGP,-4.189271411379468,L,248,0.20316075682640075,A
1XGP,2.0242463962149486,I,248,0.40133352279663087,A
1XGP,-1.6366012811935433,V,248,0.3247012197971344,A
