#PDB,DDG,Mut_AA,Position,RMSD,WT_AA
1XGT,-0.2719496307040663,F,248,0.1572878812253475,L
1XGT,1.9728834359589564,I,248,0.1690077494084835,L
