#PDB,DDG,Mut_AA,Position,RMSD,WT_AA
2BDN,-2.543819723088018,R,309,0.18258883580565452,L
2BDN,-4.338387362069261,K,309,0.2199896275997162,L
