#PDB,DDG,Mut_AA,Position,RMSD,WT_AA
1JRH,3.619724724122489,A,27,0.3422944903373718,E
1JRH,3.7288332272600657,A,28,0.29098281264305115,D
1JRH,1.4146209955932136,A,30,0.3745891511440277,Y
1JRH,0.28734445397262787,A,91,0.32911436408758166,Y
1JRH,0.45252207901680774,A,92,0.23488840460777283,W
1JRH,0.2557917339805954,A,93,0.2535862892866135,S
1JRH,-0.7223753779062463,A,94,0.23693694770336152,T
1JRH,0.45058125680143346,A,95,0.34701111912727356,W
1JRH,2.6958982013481547,A,199,0.36960544586181643,Y
1JRH,1.528783082299651,A,221,0.32214593440294265,W
1JRH,0.24587841058505547,A,222,0.3649808049201965,W
1JRH,5.172164669343966,A,223,0.2597802758216858,D
1JRH,0.09933986816713514,A,224,0.24221639335155487,D
1JRH,3.399578720140653,A,225,0.20978025794029237,D
