#PDB,DDG,Mut_AA,Position,RMSD,WT_AA
1KIQ,-4.869908811115716,Y,208,0.1920340359210968,F
