#PDB,DDG,Mut_AA,Position,RMSD,WT_AA
3NGB,2.837803138899699,G,416,0.16950244978070259,A
3NGB,0.9205580699826896,S,414,0.14980239123106004,G
3NGB,0.7878570184344881,T,389,0.14370936155319214,I
3NGB,-0.11342261559075269,N,411,0.11442416347563267,K
