#PDB,DDG,Mut_AA,Position,RMSD,WT_AA
1BJ1,-0.6134591344256478,A,27,0.268433877825737,Y
1BJ1,5.491370813839512,A,54,0.36005647778511046,Y
1BJ1,0.008025776190606848,A,59,0.20841005742549895,T
1BJ1,2.259685151790836,A,99,0.34355074167251587,Y
1BJ1,-0.11798363055586378,A,107,0.2223082512617111,H
1BJ1,1.1929208741886215,W,54,0.2539937853813171,Y
1BJ1,0.10013175773001422,D,28,0.14244940876960754,T
1BJ1,0.6301649443772476,H,31,0.2344528317451477,N
1BJ1,-2.6083686292035053,Y,101,0.22354852557182311,H
1BJ1,0.24776588326822094,T,105,0.18850913792848586,S
