#PDB,DDG,Mut_AA,Position,RMSD,WT_AA
1JRH,4.214144097629673,A,27,0.408372500538826,E
1JRH,3.582645277774327,A,28,0.30972082912921906,D
1JRH,1.6193688674073656,A,30,0.39204524755477904,Y
1JRH,0.3775141673492044,A,91,0.27335322052240374,Y
1JRH,0.4798890876739506,A,92,0.2539185270667076,W
1JRH,0.49202577625735555,A,93,0.22994924411177636,S
1JRH,-0.2540622837594583,A,94,0.24432657063007354,T
1JRH,0.05652230539008087,A,95,0.3930422827601433,W
1JRH,2.688333899729469,A,199,0.2729200229048729,Y
1JRH,1.65772848642996,A,221,0.2889322340488434,W
1JRH,1.3699923936177811,A,222,0.296578012406826,W
1JRH,4.706817466013172,A,223,0.26911206245422364,D
1JRH,0.5035700521913441,A,224,0.29746121615171434,D
1JRH,3.305264080691404,A,225,0.2682924933731556,D
1JRH,1.0975865950481194,A,227,0.2830860361456871,Y
1JRH,0.6357191551851884,A,267,0.2216223120689392,R
