#PDB,DDG,Mut_AA,Position,RMSD,WT_AA
1MHP,0.9400332423417239,W,284,0.2062853381037712,F
1MHP,1.0648125527114645,Y,284,0.19696511924266816,F
1MHP,0.029292592732690536,F,285,0.228632453083992,G
1MHP,-0.2662838287335944,L,285,0.14368457049131395,G
1MHP,-0.6330657253543904,M,285,0.22153039574623107,G
1MHP,-1.4126048202811035,S,285,0.20831549763679505,G
1MHP,-0.043783390261069144,A,238,0.1606651782989502,G
1MHP,0.3758696218847035,N,238,0.2525577455759048,G
