#PDB,DDG,Mut_AA,Position,RMSD,WT_AA
1BJ1,0.25843378397366906,A,27,0.27917887568473815,Y
1BJ1,6.495567532275345,A,54,0.4851869225502014,Y
1BJ1,0.42005139889151905,A,59,0.28691402077674866,T
1BJ1,2.848213948587363,A,99,0.3162112832069397,Y
1BJ1,0.2282901276694247,A,107,0.3028097778558731,H
1BJ1,1.3837145857898576,W,54,0.3482441306114197,Y
1BJ1,-0.7044734655081811,D,28,0.22098752707242966,T
1BJ1,0.4335814022183513,H,31,0.25785674154758453,N
1BJ1,-3.900328484008514,Y,101,0.24015259444713594,H
1BJ1,0.7847875803353418,T,105,0.21354732811450958,S
