#PDB,DDG,Mut_AA,Position,RMSD,WT_AA
1YY9,-1.3789999947559408,A,673,0.3633338361978531,N
1YY9,-0.8891221239067818,E,678,0.39796135425567625,T
1YY9,2.1160966838173407,A,930,0.4373850882053375,N
1YY9,1.2093607775843338,D,863,0.35343626141548157,S
1YY9,-0.7326419964607339,E,868,0.3831788033246994,T
