#PDB,DDG,Mut_AA,Position,RMSD,WT_AA
1DVF,2.18908767100429,A,30,0.27728661298751833,H
1DVF,-0.7917364677763544,A,93,0.21044096052646638,S
1DVF,0.6237078103192288,A,92,0.305717533826828,W
1DVF,1.3397429198774262,A,32,0.3084704875946045,Y
1DVF,0.7196109314405476,A,49,0.3674753546714783,Y
1DVF,-1.6676936953066614,A,49,0.23619142770767212,Y
1DVF,9.686761601846865,A,50,0.38109180331230164,Y
1DVF,13.838553010015222,A,207,0.29359819889068606,D
1DVF,4.372728880723116,A,161,0.20910177528858184,D
1DVF,3.4771349025601013,A,165,0.1905293732881546,D
1DVF,0.9413773915377532,A,205,0.27882521152496337,E
1DVF,0.2272879091194227,A,163,0.19092497527599334,N
1DVF,0.8852916471451863,A,206,0.22661184072494506,R
1DVF,-1.1682706412369044,A,137,0.20065873265266418,T
1DVF,2.5449042100026418,A,159,0.19708167612552643,W
1DVF,-0.538221166546009,F,208,0.17394120395183563,Y
1DVF,-0.34489968489288003,A,139,0.15543614476919174,Y
1DVF,2.4058402423255756,A,273,0.3053449928760529,Y
1DVF,-6.131897991067854,A,384,0.27175105214118955,D
1DVF,-3.147725578582322,A,365,0.24026716947555543,H
1DVF,-0.8792638699898816,A,362,0.2150729179382324,K
