#PDB,DDG,Mut_AA,Position,RMSD,WT_AA
2B2X,0.1698408057900906,K,253,0.18274448066949844,E
2B2X,-1.0022688687787196,T,239,0.16007521525025367,V
