#PDB,DDG,Mut_AA,Position,RMSD,WT_AA
1NCA,2.500173044648295,Q,637,1.147320717573166,N
1NCA,-3.659658522059158,D,706,0.6387570530176163,E
1NCA,6.763283404725167,K,707,0.4403306782245636,D
1NCA,9.693060329773834,Q,708,0.4956203937530518,N
