#PDB,DDG,Mut_AA,Position,RMSD,WT_AA
1XGU,4.35722435715019,V,247,0.22958618193864821,F
1XGU,5.25249875392542,A,247,0.18532980352640152,F
