#PDB,DDG,Mut_AA,Position,RMSD,WT_AA
5C6T,1.2288841093432439,S,606,0.41188982874155045,R
5C6T,0.12576591072979681,A,607,0.38395347595214846,S
