#PDB,DDG,Mut_AA,Position,RMSD,WT_AA
1DVF,2.225946243499093,A,30,0.2570116287469864,H
1DVF,-0.20335409103658095,A,93,0.2350254961848259,S
