#PDB,DDG,Mut_AA,Position,RMSD,WT_AA
1C08,0.3018343325582009,F,293,0.20063446015119552,Y
1C08,1.5852666664779236,A,334,0.2793060004711151,S
1C08,-0.44397392786218004,A,336,0.19662303775548934,S
1C08,1.6403494058202341,A,274,0.21373591870069503,N
1C08,-0.22500140576323702,D,274,0.2965603232383728,N
1C08,3.238599699024962,A,275,0.1964718669652939,N
1C08,-0.1409265898889771,D,275,0.2468278557062149,N
1C08,1.38318075204445,D,335,0.2786863029003143,N
1C08,2.4230450454374477,A,274,0.22039531469345092,N
1C08,0.5590198281420499,D,274,0.21373515725135803,N
1C08,2.7229815816159317,E,274,0.3552938222885132,N
1C08,2.450380441570064,A,275,0.26821655929088595,N
1C08,1.1878129823498285,A,293,0.32638817429542544,Y
1C08,4.431477112753259,L,293,0.3332487642765045,Y
1C08,-0.45633909372809284,F,293,0.16784190237522126,Y
1C08,4.197755258622624,A,296,0.26291082203388216,Q
1C08,1.9987234508987968,A,339,0.21282353401184081,Y
1C08,0.7728398767466842,F,339,0.1767032578587532,Y
1C08,0.379703397634762,A,160,0.2213170498609543,S
1C08,-0.10453893722990415,A,161,0.25410096943378446,D
1C08,0.9697931422549118,N,161,0.21188594102859498,D
1C08,-0.3794415415358344,A,162,0.3043046981096268,Y
1C08,1.5839369661742921,A,179,0.25677459836006167,Y
1C08,0.9223965595285109,A,227,0.21263236403465272,W
1C08,0.8498918092546319,F,227,0.2610129743814468,W
1C08,-0.21032137618142316,W,182,0.19898866415023803,Y
1C08,-0.14805373300089286,F,182,0.2422299861907959,Y
1C08,0.22631656733858563,L,182,0.42247098684310913,Y
1C08,1.0315926940410918,A,182,0.313800610601902,Y
1C08,1.0803180905201315,W,162,0.5187987565994263,Y
1C08,-0.19356045109736897,F,162,0.2148604601621628,Y
1C08,-0.22101563667474694,L,162,0.2517111748456955,Y
1C08,0.32065192864984055,F,179,0.28023955076932905,Y
1C08,-0.024687582032470345,L,179,0.30305929481983185,Y
1C08,-0.035690589221712796,F,187,0.15812409818172454,Y
1C08,-0.7100958831144908,L,187,0.2681309223175049,Y
1C08,0.016218985479690674,A,187,0.21448566317558287,Y
