#PDB,DDG,Mut_AA,Position,RMSD,WT_AA
2NYY,0.33279777733423543,R,1298,0.38289899230003355,K
2NYY,-0.2941764232007699,Q,1302,0.3758689880371094,M
