#PDB,DDG,Mut_AA,Position,RMSD,WT_AA
1XGR,-3.5652570672162347,F,248,0.1866109336912632,I
1XGR,-1.3513746481326963,L,248,0.18277249976992607,I
