#PDB,DDG,Mut_AA,Position,RMSD,WT_AA
3BE1,-0.5065744277993872,A,616,0.525928282737732,D
3BE1,-0.04509561042632413,A,687,0.339325949549675,D
3BE1,-0.6106229236649596,A,689,0.5036259353160858,F
3BE1,0.44015537629720713,A,685,0.48193450570106505,G
3BE1,-1.0884111884714003,A,686,0.4098659157752991,G
3BE1,0.39975301578087963,A,688,0.5293980091810226,G
3BE1,-0.28878003656591317,A,615,0.6035778522491455,K
3BE1,-0.08762449463183657,A,640,0.6094841480255127,N
3BE1,1.5260413559548396,A,635,0.4284366488456726,R
3BE1,1.0084427397328,A,644,0.3166453927755356,R
