#PDB,DDG,Mut_AA,Position,RMSD,WT_AA
1C08,-1.1194664111082375,F,293,0.20701906383037566,Y
1C08,0.2712268175852614,A,334,0.2542491227388382,S
1C08,-1.0508544738058618,A,336,0.263749834895134,S
1C08,2.9824220521188862,A,274,0.1915518805384636,N
1C08,-0.11958344281717928,D,274,0.28421911895275115,N
1C08,2.6554249684494606,A,275,0.21551107466220856,N
1C08,1.4052752993139166,D,275,0.22652573585510255,N
1C08,1.954349702141394,D,335,0.2039182186126709,N
1C08,1.862292005599261,A,274,0.18417732417583466,N
1C08,0.38044153191374336,D,274,0.24056960940361022,N
1C08,3.867635085624238,E,274,0.2980926662683487,N
1C08,2.9884094905396976,A,275,0.3050737649202347,N
1C08,2.521550090010328,A,293,0.2304918199777603,Y
1C08,4.854150143783795,L,293,0.3327974259853363,Y
1C08,-0.015731368771503183,F,293,0.2579933047294617,Y
1C08,4.016158167152253,A,296,0.33896742165088656,Q
