#PDB,DDG,Mut_AA,Position,RMSD,WT_AA
1MLC,-0.18512240084128279,A,186,0.24887849092483522,S
1MLC,-2.1055204841917656,V,186,0.289379346370697,S
1MLC,-0.16306465170737283,D,157,0.22684856951236726,T
1MLC,0.6126234875132468,A,160,0.2572420448064804,T
1MLC,-0.4777595080470746,V,160,0.2594979673624039,T
1MLC,-2.6560718962035024,W,160,0.21714555472135544,T
1MLC,0.20594079856991812,D,187,0.27984610497951506,T
1MLC,2.699719429182187,G,379,0.3608362853527069,N
1MLC,-1.5015886107434198,Y,379,0.278290718793869,N
1MLC,-0.3435890477631801,A,439,0.2601016849279404,N
