#PDB,DDG,Mut_AA,Position,RMSD,WT_AA
1YY9,1.1898929556056828,A,673,0.41775495409965513,N
1YY9,-1.3150286548134318,E,678,0.2917451798915863,T
1YY9,0.10197151845477492,A,930,0.44447078108787536,N
1YY9,1.2480602221654409,D,863,0.4677038013935089,S
