#PDB,DDG,Mut_AA,Position,RMSD,WT_AA
3BE1,-0.4095536487622667,A,616,0.5397507846355438,D
3BE1,-0.2838582349620083,A,687,0.5293336510658264,D
3BE1,0.057336836377999134,A,689,0.6054331243038178,F
3BE1,0.21408341767819367,A,685,0.4571030676364899,G
