#PDB,DDG,Mut_AA,Position,RMSD,WT_AA
1VFB,3.418295111192401,A,229,0.24184276759624482,D
1VFB,1.7053289170868993,A,183,0.24240666776895523,D
1VFB,-0.9023598167834507,E,187,0.18719179108738898,D
1VFB,-0.5137596069783058,N,187,0.15809687077999116,D
1VFB,4.071140001159233,A,160,0.30432345271110534,G
1VFB,-0.9034576815718083,E,160,0.18479011245071889,G
1VFB,1.3339148566451968,W,160,0.47258623540401457,G
1VFB,0.5673080503280289,W,228,0.33818832263350485,R
1VFB,-2.387627630743805,Y,228,0.20442014336585998,R
1VFB,0.4485819771409524,D,157,0.19780255556106568,S
1VFB,0.010097791251405397,E,157,0.15823090858757496,S
1VFB,0.3059163898814859,N,157,0.2003123864531517,S
1VFB,0.03726169887061133,Q,157,0.16926138773560523,S
1VFB,2.548385446212933,A,181,0.24861927032470704,W
1VFB,-1.1678428954501214,A,230,0.4920328915119171,Y
1VFB,-1.257834501874686,F,230,0.18704564422369002,Y
1VFB,0.9861836479375142,A,161,0.35240950584411623,Y
1VFB,-1.6694096743203999,E,161,0.2521977350115776,Y
1VFB,-1.1137264892857275,W,276,0.18502784222364427,N
1VFB,1.6988799719657437,F,297,0.37437628135085105,T
1VFB,0.11948980906827274,R,298,0.12564604431390763,T
1VFB,5.249316716952921,A,337,0.27064444273710253,W
1VFB,1.9007049367896571,A,277,0.22089307457208635,Y
1VFB,-0.1567136982966076,A,295,0.20971828401088716,Y
