#PDB,DDG,Mut_AA,Position,RMSD,WT_AA
2BDN,-2.6095526666200386,R,309,0.13970279097557067,L
2BDN,-3.642542089332255,K,309,0.2291223883628845,L
2BDN,0.25145259247547075,D,310,0.1307678073644638,N
2BDN,0.8599951229371982,Q,310,0.17846222072839737,N
2BDN,2.1957718643677255,E,313,0.16222804933786392,D
2BDN,-0.7138028086900704,K,98,0.20859773457050323,Y
2BDN,-0.5932191253390556,R,99,0.1671488419175148,N
2BDN,-0.22445488190696777,K,99,0.18079792559146882,N
2BDN,0.5107684172909103,D,121,0.29249534010887146,S
2BDN,0.4919360199816765,E,121,0.19060128331184387,S
