#PDB,DDG,Mut_AA,Position,RMSD,WT_AA
1XGU,2.8310765585359148,L,247,0.2032080441713333,F
1XGU,5.244637362371395,I,247,0.24940976202487947,F
1XGU,4.115296120186576,V,247,0.23010717928409577,F
1XGU,5.9382437227114675,A,247,0.1736794352531433,F
