#PDB,DDG,Mut_AA,Position,RMSD,WT_AA
1KIP,-1.966554952693923,Y,139,0.24056293666362763,A
