#PDB,DDG,Mut_AA,Position,RMSD,WT_AA
4FQY,-6.313466957501805,N,59,2.631179392337799,A
4FQY,-9.530352782011642,S,77,3.6082549810409548,N
