#PDB,DDG,Mut_AA,Position,RMSD,WT_AA
1XGU,1.8538857140790697,L,247,0.20407941192388535,F
1XGU,6.36366348726583,I,247,0.24780081063508988,F
