#PDB,DDG,Mut_AA,Position,RMSD,WT_AA
1KIQ,-3.8630858210469343,Y,208,0.1719862550497055,F
