#PDB,DDG,Mut_AA,Position,RMSD,WT_AA
3G6D,0.12498907836761645,A,314,0.13203035071492195,H
3G6D,5.909468049327188,A,315,0.23445840775966645,W
