#PDB,DDG,Mut_AA,Position,RMSD,WT_AA
1DVF,1.700463558928277,A,30,0.12986415326595308,H
1DVF,-0.18653551276788677,A,93,0.1531793475151062,S
1DVF,3.141206671032569,A,92,0.14700326919555665,W
1DVF,0.6966715748959814,A,32,0.15331567227840423,Y
1DVF,1.6759706232470308,A,49,0.12790269553661346,Y
1DVF,1.67438943268603,A,49,0.12770916223526002,Y
