#PDB,DDG,Mut_AA,Position,RMSD,WT_AA
1DQJ,3.7150994842399996,A,161,0.1770370841026306,D
1DQJ,1.8368175941704976,A,227,0.27309979498386383,W
1DQJ,5.0543032602528,A,162,0.19104470312595367,Y
1DQJ,2.5477269126756257,A,179,0.1940558820962906,Y
1DQJ,5.325463156157275,A,182,0.2345249205827713,Y
1DQJ,0.7139191607360772,A,370,0.19038982093334197,N
1DQJ,3.336798041286238,A,371,0.2513780206441879,N
1DQJ,0.26591547297448415,A,430,0.1811230719089508,S
1DQJ,1.9236082450102914,A,389,0.2033935159444809,Y
1DQJ,0.13712091213346866,A,435,0.19502780735492706,Y
