#PDB,DDG,Mut_AA,Position,RMSD,WT_AA
1KIQ,-5.211721332914612,Y,208,0.1700583964586258,F
