#PDB,DDG,Mut_AA,Position,RMSD,WT_AA
1MHP,0.14924659863227135,W,284,0.027025163918733597,F
1MHP,-0.14849519923373009,Y,284,0.02545933686196804,F
1MHP,0.2095597491492299,F,285,0.0379156656563282,G
1MHP,0.048412643079245754,L,285,0.039381712675094604,G
1MHP,-0.8776476227085368,M,285,0.03806764706969261,G
1MHP,-0.2405547371308785,S,285,0.03701633177697659,G
1MHP,0.0,A,238,1.6215080222536927e-06,G
1MHP,2.8715468964202047,N,238,0.016953657567501067,G
1MHP,2.869024014178467,S,238,0.011279477924108505,G
1MHP,2.5986302294351846,I,239,0.14364151358604432,G
1MHP,2.9026029118971564,T,239,0.042883171886205676,G
1MHP,5.189333226631152,Y,239,0.1410430520772934,G
1MHP,0.015644990132659586,D,249,0.1087062656879425,K
1MHP,0.002979553456316353,E,249,0.04996649101376534,K
